Koodi,2025 BISAC sanallinen muoto,MAPPED NONFICTION,MAPPED FICTION
ANT000000,ANTIQUES & COLLECTIBLES / General,Antiques & Collectibles,
ANT001000,ANTIQUES & COLLECTIBLES / Subjects & Themes / Americana,Antiques & Collectibles,
ANT002000,ANTIQUES & COLLECTIBLES / Art,Antiques & Collectibles,
ANT003000,ANTIQUES & COLLECTIBLES / Autographs,Antiques & Collectibles,
ANT005000,ANTIQUES & COLLECTIBLES / Books,Antiques & Collectibles,
ANT006000,ANTIQUES & COLLECTIBLES / Bottles,Antiques & Collectibles,
ANT007000,ANTIQUES & COLLECTIBLES / Buttons & Pins,Antiques & Collectibles,
ANT008000,ANTIQUES & COLLECTIBLES / Care & Restoration,Antiques & Collectibles,
ANT009000,ANTIQUES & COLLECTIBLES / Subjects & Themes / Transportation,Antiques & Collectibles,
ANT010000,ANTIQUES & COLLECTIBLES / Clocks & Watches,Antiques & Collectibles,
ANT011000,"ANTIQUES & COLLECTIBLES / Coins, Currency & Medals",Antiques & Collectibles,
ANT012000,ANTIQUES & COLLECTIBLES / Comics,Antiques & Collectibles,
ANT015000,ANTIQUES & COLLECTIBLES / Dolls,Antiques & Collectibles,
ANT016000,ANTIQUES & COLLECTIBLES / Firearms & Weapons,Antiques & Collectibles,
ANT017000,ANTIQUES & COLLECTIBLES / Furniture,Antiques & Collectibles,
ANT018000,ANTIQUES & COLLECTIBLES / Glass & Glassware,Antiques & Collectibles,
ANT021000,ANTIQUES & COLLECTIBLES / Jewelry,Antiques & Collectibles,
ANT022000,ANTIQUES & COLLECTIBLES / Kitchenware,Antiques & Collectibles,
ANT023000,ANTIQUES & COLLECTIBLES / Magazines & Newspapers,Antiques & Collectibles,
ANT024000,ANTIQUES & COLLECTIBLES / Subjects & Themes / Military,Antiques & Collectibles,
ANT025000,ANTIQUES & COLLECTIBLES / Subjects & Themes / Performing Arts,Antiques & Collectibles,
ANT027000,ANTIQUES & COLLECTIBLES / Subjects & Themes / Nautical,Antiques & Collectibles,
ANT029000,ANTIQUES & COLLECTIBLES / Paper Ephemera,Antiques & Collectibles,
ANT031000,ANTIQUES & COLLECTIBLES / Subjects & Themes / Political,Antiques & Collectibles,
ANT032000,ANTIQUES & COLLECTIBLES / Porcelain & China,Antiques & Collectibles,
ANT033000,ANTIQUES & COLLECTIBLES / Postcards,Antiques & Collectibles,
ANT034000,ANTIQUES & COLLECTIBLES / Posters,Antiques & Collectibles,
ANT035000,ANTIQUES & COLLECTIBLES / Pottery & Ceramics,Antiques & Collectibles,
ANT036000,ANTIQUES & COLLECTIBLES / Radios & Televisions (see also Subjects & Themes / Performing Arts),Antiques & Collectibles,
ANT037000,ANTIQUES & COLLECTIBLES / Records,Antiques & Collectibles,
ANT038000,ANTIQUES & COLLECTIBLES / Reference,Antiques & Collectibles,
ANT039000,ANTIQUES & COLLECTIBLES / Subjects & Themes / Royalty,Antiques & Collectibles,
ANT040000,ANTIQUES & COLLECTIBLES / Rugs,Antiques & Collectibles,
ANT041000,"ANTIQUES & COLLECTIBLES / Silver, Gold & Other Metals",Antiques & Collectibles,
ANT042000,ANTIQUES & COLLECTIBLES / Sports Cards / General,Antiques & Collectibles,
ANT042010,ANTIQUES & COLLECTIBLES / Sports Cards / Baseball,Antiques & Collectibles,
ANT043000,ANTIQUES & COLLECTIBLES / Subjects & Themes / Sports (see also headings under Sports Cards),Antiques & Collectibles,
ANT044000,ANTIQUES & COLLECTIBLES / Stamps,Antiques & Collectibles,
ANT045000,ANTIQUES & COLLECTIBLES / Teddy Bears & Stuffed Animals,Antiques & Collectibles,
ANT047000,ANTIQUES & COLLECTIBLES / Textiles & Costume,Antiques & Collectibles,
ANT050000,ANTIQUES & COLLECTIBLES / Toys & Games,Antiques & Collectibles,
ANT051000,ANTIQUES & COLLECTIBLES / Wine,Antiques & Collectibles,
ANT052000,ANTIQUES & COLLECTIBLES / Subjects & Themes / Popular Culture,Antiques & Collectibles,
ANT053000,ANTIQUES & COLLECTIBLES / Figurines,Antiques & Collectibles,
ANT054000,ANTIQUES & COLLECTIBLES / Subjects & Themes / Canadiana,Antiques & Collectibles,
ANT055000,ANTIQUES & COLLECTIBLES / Subjects & Themes / Tobacco-Related,Antiques & Collectibles,
ANT056000,ANTIQUES & COLLECTIBLES / Advertising,Antiques & Collectibles,
ANT057000,ANTIQUES & COLLECTIBLES / Buying & Selling / General,Antiques & Collectibles,
ANT057010,ANTIQUES & COLLECTIBLES / Buying & Selling / Auctions & Dealerships,Antiques & Collectibles,
ANT057020,ANTIQUES & COLLECTIBLES / Buying & Selling / Estate Sales & Storage Units,Antiques & Collectibles,
ANT057030,"ANTIQUES & COLLECTIBLES / Buying & Selling / Flea Markets, Yard Sales, Thrift Shops, etc.",Antiques & Collectibles,
ANT057040,ANTIQUES & COLLECTIBLES / Buying & Selling / Online Sales (see also BUSINESS & ECONOMICS / E-Commerce / Small Business),Antiques & Collectibles,
ANT058000,ANTIQUES & COLLECTIBLES / Subjects & Themes / General,Antiques & Collectibles,
ANT058010,ANTIQUES & COLLECTIBLES / Subjects & Themes / Animals,Antiques & Collectibles,
ANT058020,ANTIQUES & COLLECTIBLES / Subjects & Themes / Holidays,Antiques & Collectibles,
ANT058030,ANTIQUES & COLLECTIBLES / Subjects & Themes / Religious,Antiques & Collectibles,
ANT058040,ANTIQUES & COLLECTIBLES / Subjects & Themes / Trains,Antiques & Collectibles,
ARC000000,ARCHITECTURE / General,Architecture,
ARC001000,ARCHITECTURE / Criticism,Architecture,
ARC002000,ARCHITECTURE / Decoration & Ornament,Architecture,
ARC003000,ARCHITECTURE / Buildings / Residential,Architecture,
ARC004000,"ARCHITECTURE / Design, Drafting, Drawing & Presentation",Architecture,
ARC005000,ARCHITECTURE / History / General,Architecture,
ARC005010,ARCHITECTURE / History / Prehistoric,Architecture,
ARC005020,ARCHITECTURE / History / Ancient & Classical,Architecture,
ARC005030,ARCHITECTURE / History / Medieval,Architecture,
ARC005040,ARCHITECTURE / History / Renaissance,Architecture,
ARC005050,ARCHITECTURE / History / Baroque & Rococo,Architecture,
ARC005060,ARCHITECTURE / History / Romanticism,Architecture,
ARC005070,ARCHITECTURE / History / Modern (late 19th Century to 1945),Architecture,
ARC005080,ARCHITECTURE / History / Contemporary (1945-),Architecture,
ARC006000,ARCHITECTURE / Individual Architects & Firms / General,Architecture,
ARC006010,ARCHITECTURE / Individual Architects & Firms / Essays,Architecture,
ARC006020,ARCHITECTURE / Individual Architects & Firms / Monographs,Architecture,
ARC007000,ARCHITECTURE / Interior Design / General,Architecture,
ARC007010,ARCHITECTURE / Interior Design / Lighting,Architecture,
ARC008000,ARCHITECTURE / Landscape,Architecture,
ARC009000,ARCHITECTURE / Methods & Materials,Architecture,
ARC010000,ARCHITECTURE / Urban & Land Use Planning,Architecture,
ARC011000,"ARCHITECTURE / Buildings / Public, Commercial & Industrial",Architecture,
ARC012000,ARCHITECTURE / Reference,Architecture,
ARC013000,ARCHITECTURE / Study & Teaching,Architecture,
ARC014000,ARCHITECTURE / Historic Preservation / General,Architecture,
ARC014010,ARCHITECTURE / Historic Preservation / Restoration Techniques,Architecture,
ARC015000,ARCHITECTURE / Professional Practice,Architecture,
ARC016000,ARCHITECTURE / Buildings / Religious,Architecture,
ARC017000,ARCHITECTURE / Project Management,Architecture,
ARC018000,ARCHITECTURE / Sustainability & Green Design,Architecture,
ARC019000,ARCHITECTURE / Codes & Standards,Architecture,
ARC020000,ARCHITECTURE / Regional,Architecture,
ARC021000,ARCHITECTURE / Security Design,Architecture,
ARC022000,ARCHITECTURE / Adaptive Reuse & Renovation,Architecture,
ARC023000,ARCHITECTURE / Annuals,Architecture,
ARC024000,ARCHITECTURE / Buildings / General,Architecture,
ARC024010,ARCHITECTURE / Buildings / Landmarks & Monuments,Architecture,
ARC025000,ARCHITECTURE / Vernacular,Architecture,
ART000000,ART / General,Art,
ART002000,ART / Techniques / Airbrush,Art,
ART003000,ART / Techniques / Calligraphy,Art,
ART004000,ART / Techniques / Cartooning,Art,
ART006000,"ART / Collections, Catalogs, Exhibitions / General",Art,
ART006010,"ART / Collections, Catalogs, Exhibitions / Group Shows",Art,
ART006020,"ART / Collections, Catalogs, Exhibitions / Permanent Collections",Art,
ART007000,ART / Color Theory,Art,
ART008000,ART / Conceptual,Art,
ART009000,ART / Criticism & Theory,Art,
ART010000,ART / Techniques / Drawing / General,Art,
ART013000,ART / Folk & Outsider Art,Art,
ART015000,ART / History / General,Art,
ART015010,ART / African,Art,
ART015020,ART / American,Art,
ART015030,ART / European / General,Art,
ART015040,ART / Canadian,Art,
ART015050,ART / History / Prehistoric,Art,
ART015060,ART / History / Ancient & Classical,Art,
ART015070,ART / Movements / Medieval,Art,
ART015080,ART / Movements / Renaissance,Art,
ART015090,ART / Movements / Baroque & Rococo,Art,
ART015100,ART / Movements / Modernism,Art,
ART015110,ART / History / 20th & 21st Century,Art,
ART015120,ART / Movements / Romanticism,Art,
ART015150,ART / European / Dutch,Art,
ART015160,ART / European / French,Art,
ART015170,ART / European / German & Austrian,Art,
ART015180,ART / European / Italian,Art,
ART015190,ART / European / Spanish,Art,
ART015200,ART / History / 1-500 C.E.,Art,
ART015210,ART / History / 500-1000 C.E.,Art,
ART015220,ART / History / 1000-1400 C.E.,Art,
ART015230,ART / History / 1400-1600 C.E.,Art,
ART015240,ART / History / 17th Century,Art,
ART015250,ART / History / 18th Century,Art,
ART015260,ART / History / 19th Century,Art,
ART015270,ART / Movements / General,Art,
ART015280,ART / Movements / Neoclassicism,Art,
ART015290,ART / Movements / Impressionism & Post-Impressionism,Art,
ART015300,ART / Movements / Art Nouveau,Art,
ART015310,ART / Movements / Expressionism,Art,
ART015320,ART / Movements / Art Deco,Art,
ART015330,ART / Movements / Surrealism,Art,
ART015340,ART / Movements / Abstract Expressionism,Art,
ART015350,ART / Movements / Pop Art,Art,
ART016000,ART / Individual Artists / General,Art,
ART016010,ART / Individual Artists / Artists' Books,Art,
ART016020,ART / Individual Artists / Essays,Art,
ART016030,ART / Individual Artists / Monographs,Art,
ART017000,ART / Mixed Media,Art,
ART018000,ART / Techniques / Painting / Oil,Art,
ART019000,ART / Asian / General,Art,
ART019010,ART / Asian / Chinese,Art,
ART019020,ART / Asian / Indian & South Asian,Art,
ART019030,ART / Asian / Japanese,Art,
ART019040,ART / Asian / Central Asian,Art,
ART019050,ART / Asian / Korean,Art,
ART019060,ART / Asian / Southeast Asian,Art,
ART020000,ART / Techniques / Painting / General,Art,
ART021000,ART / Techniques / Drawing / Pastel,Art,
ART023000,ART / Popular Culture,Art,
ART024000,ART / Techniques / Printmaking,Art,
ART025000,ART / Reference,Art,
ART026000,ART / Sculpture & Installation,Art,
ART027000,ART / Study & Teaching,Art,
ART028000,ART / Techniques / General,Art,
ART029000,ART / Techniques / Painting / Watercolor,Art,
ART031000,ART / Techniques / Painting / Acrylic,Art,
ART033000,ART / Techniques / Drawing / Pen & Ink,Art,
ART034000,ART / Techniques / Drawing / Pencil,Art,
ART035000,ART / Subjects & Themes / Religious,Art,
ART037000,ART / Art & Politics,Art,
ART038000,ART / African American & Black,Art,
ART039000,ART / Asian American & Pacific Islander,Art,
ART040000,ART / Hispanic & Latino,Art,
ART041000,ART / Indigenous,Art,
ART042000,ART / Australian & Oceanian,Art,
ART043000,ART / Business Aspects,Art,
ART044000,ART / Caribbean & Latin American,Art,
ART045000,ART / Ceramics,Art,
ART046000,ART / Digital,Art,
ART047000,ART / Islamic & Middle Eastern,Art,
ART048000,ART / Prints,Art,
ART049000,ART / Russian & Soviet,Art,
ART050000,ART / Subjects & Themes / General,Art,
ART050010,ART / Subjects & Themes / Human Figure,Art,
ART050020,ART / Subjects & Themes / Landscapes & Seascapes,Art,
ART050030,ART / Subjects & Themes / Plants & Animals,Art,
ART050040,ART / Subjects & Themes / Portraits,Art,
ART050050,ART / Subjects & Themes / Erotica,Art,
ART050060,ART / Subjects & Themes / Science Fiction & Fantasy,Art,
ART050070,ART / Subjects & Themes / Still Life,Art,
ART050080,ART / Subjects & Themes / Buildings & Cityscapes,Art,
ART051000,ART / Techniques / Color,Art,
ART052000,ART / Techniques / Drawing / Life,Art,
ART053000,ART / Techniques / Sculpting,Art,
ART054000,ART / Annuals,Art,
ART055000,ART / Body Art & Tattooing,Art,
ART056000,ART / Conservation & Preservation,Art,
ART057000,ART / Film & Video,Art,
ART058000,ART / Graffiti & Street Art,Art,
ART059000,ART / Museum Studies,Art,
ART060000,ART / Performance,Art,
ART061000,ART / Glass,Art,
ART062000,ART / Public Art,Art,
ART063000,ART / Environmental & Land Art,Art,
ART064000,ART / Video Game Art,Art,
ART065000,ART / Women Artists,Art,
ART066000,ART / LGBTQ+,Art,
ART067000,ART / Forgeries,Art,
ART068000,ART / Celtic Art,Art,
ART069000,ART / Native American,Art,
ART070000,ART / Indigenous Art of Turtle Island,Art,
ART071000,ART / Techniques / Basketry,Art,
ART072000,ART / Techniques / Beadwork,Art,
ART073000,ART / Techniques / Composition,Art,
ART074000,ART / Techniques / Leatherwork & Hidework,Art,
ART075000,ART / Techniques / Quillwork,Art,
ART076000,ART / Techniques / Textiles & Weaving,Art,
ART077000,ART / Disability,Art,
ART078000,ART / Diversity & Multicultural,Art,
ART079000,ART / Techniques / En Plein Air & Urban Sketching,Art,
BIB000000,BIBLES / General,Religion & Spirituality,
BIB001000,BIBLES / Christian Standard Bible / General,Religion & Spirituality,
BIB001010,BIBLES / Christian Standard Bible / Children,Religion & Spirituality,
BIB001020,BIBLES / Christian Standard Bible / Devotional,Religion & Spirituality,
BIB001030,BIBLES / Christian Standard Bible / New Testament & Portions,Religion & Spirituality,
BIB001040,BIBLES / Christian Standard Bible / Reference,Religion & Spirituality,
BIB001050,BIBLES / Christian Standard Bible / Study,Religion & Spirituality,
BIB001060,BIBLES / Christian Standard Bible / Text,Religion & Spirituality,
BIB001070,BIBLES / Christian Standard Bible / Youth & Teen,Religion & Spirituality,
BIB001080,BIBLES / Christian Standard Bible / Dramatized,Religion & Spirituality,
BIB001090,BIBLES / Christian Standard Bible / Journaling,Religion & Spirituality,
BIB001100,BIBLES / Christian Standard Bible / Outreach,Religion & Spirituality,
BIB001110,BIBLES / Christian Standard Bible / Reading,Religion & Spirituality,
BIB002000,BIBLES / Contemporary English Version / General,Religion & Spirituality,
BIB002010,BIBLES / Contemporary English Version / Children,Religion & Spirituality,
BIB002020,BIBLES / Contemporary English Version / Devotional,Religion & Spirituality,
BIB002030,BIBLES / Contemporary English Version / New Testament & Portions,Religion & Spirituality,
BIB002040,BIBLES / Contemporary English Version / Reference,Religion & Spirituality,
BIB002050,BIBLES / Contemporary English Version / Study,Religion & Spirituality,
BIB002060,BIBLES / Contemporary English Version / Text,Religion & Spirituality,
BIB002070,BIBLES / Contemporary English Version / Youth & Teen,Religion & Spirituality,
BIB002080,BIBLES / Contemporary English Version / Dramatized,Religion & Spirituality,
BIB002090,BIBLES / Contemporary English Version / Journaling,Religion & Spirituality,
BIB002100,BIBLES / Contemporary English Version / Outreach,Religion & Spirituality,
BIB002110,BIBLES / Contemporary English Version / Reading,Religion & Spirituality,
BIB003000,BIBLES / English Standard Version / General,Religion & Spirituality,
BIB003010,BIBLES / English Standard Version / Children,Religion & Spirituality,
BIB003020,BIBLES / English Standard Version / Devotional,Religion & Spirituality,
BIB003030,BIBLES / English Standard Version / New Testament & Portions,Religion & Spirituality,
BIB003040,BIBLES / English Standard Version / Reference,Religion & Spirituality,
BIB003050,BIBLES / English Standard Version / Study,Religion & Spirituality,
BIB003060,BIBLES / English Standard Version / Text,Religion & Spirituality,
BIB003070,BIBLES / English Standard Version / Youth & Teen,Religion & Spirituality,
BIB003080,BIBLES / English Standard Version / Dramatized,Religion & Spirituality,
BIB003090,BIBLES / English Standard Version / Journaling,Religion & Spirituality,
BIB003100,BIBLES / English Standard Version / Outreach,Religion & Spirituality,
BIB003110,BIBLES / English Standard Version / Reading,Religion & Spirituality,
BIB004000,BIBLES / God's Word / General,Religion & Spirituality,
BIB004010,BIBLES / God's Word / Children,Religion & Spirituality,
BIB004020,BIBLES / God's Word / Devotional,Religion & Spirituality,
BIB004030,BIBLES / God's Word / New Testament & Portions,Religion & Spirituality,
BIB004040,BIBLES / God's Word / Reference,Religion & Spirituality,
BIB004050,BIBLES / God's Word / Study,Religion & Spirituality,
BIB004060,BIBLES / God's Word / Text,Religion & Spirituality,
BIB004070,BIBLES / God's Word / Youth & Teen,Religion & Spirituality,
BIB004080,BIBLES / God's Word / Dramatized,Religion & Spirituality,
BIB004090,BIBLES / God's Word / Journaling,Religion & Spirituality,
BIB004100,BIBLES / God's Word / Outreach,Religion & Spirituality,
BIB004110,BIBLES / God's Word / Reading,Religion & Spirituality,
BIB005000,BIBLES / International Children's Bible / General,Religion & Spirituality,
BIB005010,BIBLES / International Children's Bible / Children,Religion & Spirituality,
BIB005020,BIBLES / International Children's Bible / Devotional,Religion & Spirituality,
BIB005030,BIBLES / International Children's Bible / New Testament & Portions,Religion & Spirituality,
BIB005040,BIBLES / International Children's Bible / Reference,Religion & Spirituality,
BIB005050,BIBLES / International Children's Bible / Study,Religion & Spirituality,
BIB005060,BIBLES / International Children's Bible / Text,Religion & Spirituality,
BIB005070,BIBLES / International Children's Bible / Youth & Teen,Religion & Spirituality,
BIB005080,BIBLES / International Children's Bible / Dramatized,Religion & Spirituality,
BIB005090,BIBLES / International Children's Bible / Journaling,Religion & Spirituality,
BIB005100,BIBLES / International Children's Bible / Outreach,Religion & Spirituality,
BIB005110,BIBLES / International Children's Bible / Reading,Religion & Spirituality,
BIB006000,BIBLES / King James Version / General,Religion & Spirituality,
BIB006010,BIBLES / King James Version / Children,Religion & Spirituality,
BIB006020,BIBLES / King James Version / Devotional,Religion & Spirituality,
BIB006030,BIBLES / King James Version / New Testament & Portions,Religion & Spirituality,
BIB006040,BIBLES / King James Version / Reference,Religion & Spirituality,
BIB006050,BIBLES / King James Version / Study,Religion & Spirituality,
BIB006060,BIBLES / King James Version / Text,Religion & Spirituality,
BIB006070,BIBLES / King James Version / Youth & Teen,Religion & Spirituality,
BIB006080,BIBLES / King James Version / Dramatized,Religion & Spirituality,
BIB006090,BIBLES / King James Version / Journaling,Religion & Spirituality,
BIB006100,BIBLES / King James Version / Outreach,Religion & Spirituality,
BIB006110,BIBLES / King James Version / Reading,Religion & Spirituality,
BIB007000,BIBLES / La Biblia de las Americas / General,Religion & Spirituality,
BIB007010,BIBLES / La Biblia de las Americas / Children,Religion & Spirituality,
BIB007020,BIBLES / La Biblia de las Americas / Devotional,Religion & Spirituality,
BIB007030,BIBLES / La Biblia de las Americas / New Testament & Portions,Religion & Spirituality,
BIB007040,BIBLES / La Biblia de las Americas / Reference,Religion & Spirituality,
BIB007050,BIBLES / La Biblia de las Americas / Study,Religion & Spirituality,
BIB007060,BIBLES / La Biblia de las Americas / Text,Religion & Spirituality,
BIB007070,BIBLES / La Biblia de las Americas / Youth & Teen,Religion & Spirituality,
BIB007080,BIBLES / La Biblia de las Americas / Dramatized,Religion & Spirituality,
BIB007090,BIBLES / La Biblia de las Americas / Journaling,Religion & Spirituality,
BIB007100,BIBLES / La Biblia de las Americas / Outreach,Religion & Spirituality,
BIB007110,BIBLES / La Biblia de las Americas / Reading,Religion & Spirituality,
BIB008000,BIBLES / Multiple Translations / General,Religion & Spirituality,
BIB008010,BIBLES / Multiple Translations / Children,Religion & Spirituality,
BIB008020,BIBLES / Multiple Translations / Devotional,Religion & Spirituality,
BIB008030,BIBLES / Multiple Translations / New Testament & Portions,Religion & Spirituality,
BIB008040,BIBLES / Multiple Translations / Reference,Religion & Spirituality,
BIB008050,BIBLES / Multiple Translations / Study,Religion & Spirituality,
BIB008060,BIBLES / Multiple Translations / Text,Religion & Spirituality,
BIB008070,BIBLES / Multiple Translations / Youth & Teen,Religion & Spirituality,
BIB008080,BIBLES / Multiple Translations / Dramatized,Religion & Spirituality,
BIB008090,BIBLES / Multiple Translations / Journaling,Religion & Spirituality,
BIB008100,BIBLES / Multiple Translations / Outreach,Religion & Spirituality,
BIB008110,BIBLES / Multiple Translations / Reading,Religion & Spirituality,
BIB009000,BIBLES / New American Bible / General,Religion & Spirituality,
BIB009010,BIBLES / New American Bible / Children,Religion & Spirituality,
BIB009020,BIBLES / New American Bible / Devotional,Religion & Spirituality,
BIB009030,BIBLES / New American Bible / New Testament & Portions,Religion & Spirituality,
BIB009040,BIBLES / New American Bible / Reference,Religion & Spirituality,
BIB009050,BIBLES / New American Bible / Study,Religion & Spirituality,
BIB009060,BIBLES / New American Bible / Text,Religion & Spirituality,
BIB009070,BIBLES / New American Bible / Youth & Teen,Religion & Spirituality,
BIB009080,BIBLES / New American Bible / Dramatized,Religion & Spirituality,
BIB009090,BIBLES / New American Bible / Journaling,Religion & Spirituality,
BIB009100,BIBLES / New American Bible / Outreach,Religion & Spirituality,
BIB009110,BIBLES / New American Bible / Reading,Religion & Spirituality,
BIB010000,BIBLES / New American Standard Bible / General,Religion & Spirituality,
BIB010010,BIBLES / New American Standard Bible / Children,Religion & Spirituality,
BIB010020,BIBLES / New American Standard Bible / Devotional,Religion & Spirituality,
BIB010030,BIBLES / New American Standard Bible / New Testament & Portions,Religion & Spirituality,
BIB010040,BIBLES / New American Standard Bible / Reference,Religion & Spirituality,
BIB010050,BIBLES / New American Standard Bible / Study,Religion & Spirituality,
BIB010060,BIBLES / New American Standard Bible / Text,Religion & Spirituality,
BIB010070,BIBLES / New American Standard Bible / Youth & Teen,Religion & Spirituality,
BIB010080,BIBLES / New American Standard Bible / Dramatized,Religion & Spirituality,
BIB010090,BIBLES / New American Standard Bible / Journaling,Religion & Spirituality,
BIB010100,BIBLES / New American Standard Bible / Outreach,Religion & Spirituality,
BIB010110,BIBLES / New American Standard Bible / Reading,Religion & Spirituality,
BIB011000,BIBLES / New Century Version / General,Religion & Spirituality,
BIB011010,BIBLES / New Century Version / Children,Religion & Spirituality,
BIB011020,BIBLES / New Century Version / Devotional,Religion & Spirituality,
BIB011030,BIBLES / New Century Version / New Testament & Portions,Religion & Spirituality,
BIB011040,BIBLES / New Century Version / Reference,Religion & Spirituality,
BIB011050,BIBLES / New Century Version / Study,Religion & Spirituality,
BIB011060,BIBLES / New Century Version / Text,Religion & Spirituality,
BIB011070,BIBLES / New Century Version / Youth & Teen,Religion & Spirituality,
BIB011080,BIBLES / New Century Version / Dramatized,Religion & Spirituality,
BIB011090,BIBLES / New Century Version / Journaling,Religion & Spirituality,
BIB011100,BIBLES / New Century Version / Outreach,Religion & Spirituality,
BIB011110,BIBLES / New Century Version / Reading,Religion & Spirituality,
BIB012000,BIBLES / New International Reader's Version / General,Religion & Spirituality,
BIB012010,BIBLES / New International Reader's Version / Children,Religion & Spirituality,
BIB012020,BIBLES / New International Reader's Version / Devotional,Religion & Spirituality,
BIB012030,BIBLES / New International Reader's Version / New Testament & Portions,Religion & Spirituality,
BIB012040,BIBLES / New International Reader's Version / Reference,Religion & Spirituality,
BIB012050,BIBLES / New International Reader's Version / Study,Religion & Spirituality,
BIB012060,BIBLES / New International Reader's Version / Text,Religion & Spirituality,
BIB012070,BIBLES / New International Reader's Version / Youth & Teen,Religion & Spirituality,
BIB012080,BIBLES / New International Reader's Version / Dramatized,Religion & Spirituality,
BIB012090,BIBLES / New International Reader's Version / Journaling,Religion & Spirituality,
BIB012100,BIBLES / New International Reader's Version / Outreach,Religion & Spirituality,
BIB012110,BIBLES / New International Reader's Version / Reading,Religion & Spirituality,
BIB013000,BIBLES / New International Version / General,Religion & Spirituality,
BIB013010,BIBLES / New International Version / Children,Religion & Spirituality,
BIB013020,BIBLES / New International Version / Devotional,Religion & Spirituality,
BIB013030,BIBLES / New International Version / New Testament & Portions,Religion & Spirituality,
BIB013040,BIBLES / New International Version / Reference,Religion & Spirituality,
BIB013050,BIBLES / New International Version / Study,Religion & Spirituality,
BIB013060,BIBLES / New International Version / Text,Religion & Spirituality,
BIB013070,BIBLES / New International Version / Youth & Teen,Religion & Spirituality,
BIB013080,BIBLES / New International Version / Dramatized,Religion & Spirituality,
BIB013090,BIBLES / New International Version / Journaling,Religion & Spirituality,
BIB013100,BIBLES / New International Version / Outreach,Religion & Spirituality,
BIB013110,BIBLES / New International Version / Reading,Religion & Spirituality,
BIB014000,BIBLES / New King James Version / General,Religion & Spirituality,
BIB014010,BIBLES / New King James Version / Children,Religion & Spirituality,
BIB014020,BIBLES / New King James Version / Devotional,Religion & Spirituality,
BIB014030,BIBLES / New King James Version / New Testament & Portions,Religion & Spirituality,
BIB014040,BIBLES / New King James Version / Reference,Religion & Spirituality,
BIB014050,BIBLES / New King James Version / Study,Religion & Spirituality,
BIB014060,BIBLES / New King James Version / Text,Religion & Spirituality,
BIB014070,BIBLES / New King James Version / Youth & Teen,Religion & Spirituality,
BIB014080,BIBLES / New King James Version / Dramatized,Religion & Spirituality,
BIB014090,BIBLES / New King James Version / Journaling,Religion & Spirituality,
BIB014100,BIBLES / New King James Version / Outreach,Religion & Spirituality,
BIB014110,BIBLES / New King James Version / Reading,Religion & Spirituality,
BIB015000,BIBLES / New Living Translation / General,Religion & Spirituality,
BIB015010,BIBLES / New Living Translation / Children,Religion & Spirituality,
BIB015020,BIBLES / New Living Translation / Devotional,Religion & Spirituality,
BIB015030,BIBLES / New Living Translation / New Testament & Portions,Religion & Spirituality,
BIB015040,BIBLES / New Living Translation / Reference,Religion & Spirituality,
BIB015050,BIBLES / New Living Translation / Study,Religion & Spirituality,
BIB015060,BIBLES / New Living Translation / Text,Religion & Spirituality,
BIB015070,BIBLES / New Living Translation / Youth & Teen,Religion & Spirituality,
BIB015080,BIBLES / New Living Translation / Dramatized,Religion & Spirituality,
BIB015090,BIBLES / New Living Translation / Journaling,Religion & Spirituality,
BIB015100,BIBLES / New Living Translation / Outreach,Religion & Spirituality,
BIB015110,BIBLES / New Living Translation / Reading,Religion & Spirituality,
BIB016000,BIBLES / New Revised Standard Version / General,Religion & Spirituality,
BIB016010,BIBLES / New Revised Standard Version / Children,Religion & Spirituality,
BIB016020,BIBLES / New Revised Standard Version / Devotional,Religion & Spirituality,
BIB016030,BIBLES / New Revised Standard Version / New Testament & Portions,Religion & Spirituality,
BIB016040,BIBLES / New Revised Standard Version / Reference,Religion & Spirituality,
BIB016050,BIBLES / New Revised Standard Version / Study,Religion & Spirituality,
BIB016060,BIBLES / New Revised Standard Version / Text,Religion & Spirituality,
BIB016070,BIBLES / New Revised Standard Version / Youth & Teen,Religion & Spirituality,
BIB016080,BIBLES / New Revised Standard Version / Dramatized,Religion & Spirituality,
BIB016090,BIBLES / New Revised Standard Version / Journaling,Religion & Spirituality,
BIB016100,BIBLES / New Revised Standard Version / Outreach,Religion & Spirituality,
BIB016110,BIBLES / New Revised Standard Version / Reading,Religion & Spirituality,
BIB017000,BIBLES / Nueva Version International / General,Religion & Spirituality,
BIB017010,BIBLES / Nueva Version International / Children,Religion & Spirituality,
BIB017020,BIBLES / Nueva Version International / Devotional,Religion & Spirituality,
BIB017030,BIBLES / Nueva Version International / New Testament & Portions,Religion & Spirituality,
BIB017040,BIBLES / Nueva Version International / Reference,Religion & Spirituality,
BIB017050,BIBLES / Nueva Version International / Study,Religion & Spirituality,
BIB017060,BIBLES / Nueva Version International / Text,Religion & Spirituality,
BIB017070,BIBLES / Nueva Version International / Youth & Teen,Religion & Spirituality,
BIB017080,BIBLES / Nueva Version International / Dramatized,Religion & Spirituality,
BIB017090,BIBLES / Nueva Version International / Journaling,Religion & Spirituality,
BIB017100,BIBLES / Nueva Version International / Outreach,Religion & Spirituality,
BIB017110,BIBLES / Nueva Version International / Reading,Religion & Spirituality,
BIB018000,BIBLES / Other English Translations / General,Religion & Spirituality,
BIB018010,BIBLES / Other English Translations / Children,Religion & Spirituality,
BIB018020,BIBLES / Other English Translations / Devotional,Religion & Spirituality,
BIB018030,BIBLES / Other English Translations / New Testament & Portions,Religion & Spirituality,
BIB018040,BIBLES / Other English Translations / Reference,Religion & Spirituality,
BIB018050,BIBLES / Other English Translations / Study,Religion & Spirituality,
BIB018060,BIBLES / Other English Translations / Text,Religion & Spirituality,
BIB018070,BIBLES / Other English Translations / Youth & Teen,Religion & Spirituality,
BIB018080,BIBLES / Other English Translations / Dramatized,Religion & Spirituality,
BIB018090,BIBLES / Other English Translations / Journaling,Religion & Spirituality,
BIB018100,BIBLES / Other English Translations / Outreach,Religion & Spirituality,
BIB018110,BIBLES / Other English Translations / Reading,Religion & Spirituality,
BIB019000,BIBLES / Reina Valera / General,Religion & Spirituality,
BIB019010,BIBLES / Reina Valera / Children,Religion & Spirituality,
BIB019020,BIBLES / Reina Valera / Devotional,Religion & Spirituality,
BIB019030,BIBLES / Reina Valera / New Testament & Portions,Religion & Spirituality,
BIB019040,BIBLES / Reina Valera / Reference,Religion & Spirituality,
BIB019050,BIBLES / Reina Valera / Study,Religion & Spirituality,
BIB019060,BIBLES / Reina Valera / Text,Religion & Spirituality,
BIB019070,BIBLES / Reina Valera / Youth & Teen,Religion & Spirituality,
BIB019080,BIBLES / Reina Valera / Dramatized,Religion & Spirituality,
BIB019090,BIBLES / Reina Valera / Journaling,Religion & Spirituality,
BIB019100,BIBLES / Reina Valera / Outreach,Religion & Spirituality,
BIB019110,BIBLES / Reina Valera / Reading,Religion & Spirituality,
BIB020000,BIBLES / The Message / General,Religion & Spirituality,
BIB020010,BIBLES / The Message / Children,Religion & Spirituality,
BIB020020,BIBLES / The Message / Devotional,Religion & Spirituality,
BIB020030,BIBLES / The Message / New Testament & Portions,Religion & Spirituality,
BIB020040,BIBLES / The Message / Reference,Religion & Spirituality,
BIB020050,BIBLES / The Message / Study,Religion & Spirituality,
BIB020060,BIBLES / The Message / Text,Religion & Spirituality,
BIB020070,BIBLES / The Message / Youth & Teen,Religion & Spirituality,
BIB020080,BIBLES / The Message / Dramatized,Religion & Spirituality,
BIB020090,BIBLES / The Message / Journaling,Religion & Spirituality,
BIB020100,BIBLES / The Message / Outreach,Religion & Spirituality,
BIB020110,BIBLES / The Message / Reading,Religion & Spirituality,
BIB022000,BIBLES / Common English Bible / General,Religion & Spirituality,
BIB022010,BIBLES / Common English Bible / Children,Religion & Spirituality,
BIB022020,BIBLES / Common English Bible / Devotional,Religion & Spirituality,
BIB022030,BIBLES / Common English Bible / New Testament & Portions,Religion & Spirituality,
BIB022040,BIBLES / Common English Bible / Reference,Religion & Spirituality,
BIB022050,BIBLES / Common English Bible / Study,Religion & Spirituality,
BIB022060,BIBLES / Common English Bible / Text,Religion & Spirituality,
BIB022070,BIBLES / Common English Bible / Youth & Teen,Religion & Spirituality,
BIB022080,BIBLES / Common English Bible / Dramatized,Religion & Spirituality,
BIB022090,BIBLES / Common English Bible / Journaling,Religion & Spirituality,
BIB022100,BIBLES / Common English Bible / Outreach,Religion & Spirituality,
BIB022110,BIBLES / Common English Bible / Reading,Religion & Spirituality,
BIB023000,BIBLES / The Amplified Bible / General,Religion & Spirituality,
BIB023010,BIBLES / The Amplified Bible / Children,Religion & Spirituality,
BIB023020,BIBLES / The Amplified Bible / Devotional,Religion & Spirituality,
BIB023030,BIBLES / The Amplified Bible / New Testament & Portions,Religion & Spirituality,
BIB023040,BIBLES / The Amplified Bible / Reference,Religion & Spirituality,
BIB023050,BIBLES / The Amplified Bible / Study,Religion & Spirituality,
BIB023060,BIBLES / The Amplified Bible / Text,Religion & Spirituality,
BIB023070,BIBLES / The Amplified Bible / Youth & Teen,Religion & Spirituality,
BIB023080,BIBLES / The Amplified Bible / Dramatized,Religion & Spirituality,
BIB023090,BIBLES / The Amplified Bible / Journaling,Religion & Spirituality,
BIB023100,BIBLES / The Amplified Bible / Outreach,Religion & Spirituality,
BIB023110,BIBLES / The Amplified Bible / Reading,Religion & Spirituality,
BIB024000,BIBLES / Nueva Traduccion Viviente / General,Religion & Spirituality,
BIB024010,BIBLES / Nueva Traduccion Viviente / Children,Religion & Spirituality,
BIB024020,BIBLES / Nueva Traduccion Viviente / Devotional,Religion & Spirituality,
BIB024030,BIBLES / Nueva Traduccion Viviente / Dramatized,Religion & Spirituality,
BIB024040,BIBLES / Nueva Traduccion Viviente / Journaling,Religion & Spirituality,
BIB024050,BIBLES / Nueva Traduccion Viviente / New Testament & Portions,Religion & Spirituality,
BIB024060,BIBLES / Nueva Traduccion Viviente / Outreach,Religion & Spirituality,
BIB024070,BIBLES / Nueva Traduccion Viviente / Reading,Religion & Spirituality,
BIB024080,BIBLES / Nueva Traduccion Viviente / Reference,Religion & Spirituality,
BIB024090,BIBLES / Nueva Traduccion Viviente / Study,Religion & Spirituality,
BIB024100,BIBLES / Nueva Traduccion Viviente / Text,Religion & Spirituality,
BIB024110,BIBLES / Nueva Traduccion Viviente / Youth & Teen,Religion & Spirituality,
BIB025000,BIBLES / Other Non-English Translations / General,Religion & Spirituality,
BIB025010,BIBLES / Other Non-English Translations / Children,Religion & Spirituality,
BIB025020,BIBLES / Other Non-English Translations / Devotional,Religion & Spirituality,
BIB025030,BIBLES / Other Non-English Translations / Dramatized,Religion & Spirituality,
BIB025040,BIBLES / Other Non-English Translations / Journaling,Religion & Spirituality,
BIB025050,BIBLES / Other Non-English Translations / New Testament & Portions,Religion & Spirituality,
BIB025060,BIBLES / Other Non-English Translations / Outreach,Religion & Spirituality,
BIB025070,BIBLES / Other Non-English Translations / Reading,Religion & Spirituality,
BIB025080,BIBLES / Other Non-English Translations / Reference,Religion & Spirituality,
BIB025090,BIBLES / Other Non-English Translations / Study,Religion & Spirituality,
BIB025100,BIBLES / Other Non-English Translations / Text,Religion & Spirituality,
BIB025110,BIBLES / Other Non-English Translations / Youth & Teen,Religion & Spirituality,
BIB026000,BIBLES / Other Catholic Translations / General,Religion & Spirituality,
BIB026010,BIBLES / Other Catholic Translations / Children,Religion & Spirituality,
BIB026020,BIBLES / Other Catholic Translations / Devotional,Religion & Spirituality,
BIB026030,BIBLES / Other Catholic Translations / Dramatized,Religion & Spirituality,
BIB026040,BIBLES / Other Catholic Translations / Journaling,Religion & Spirituality,
BIB026050,BIBLES / Other Catholic Translations / New Testament & Portions,Religion & Spirituality,
BIB026060,BIBLES / Other Catholic Translations / Outreach,Religion & Spirituality,
BIB026070,BIBLES / Other Catholic Translations / Reading,Religion & Spirituality,
BIB026080,BIBLES / Other Catholic Translations / Reference,Religion & Spirituality,
BIB026090,BIBLES / Other Catholic Translations / Study,Religion & Spirituality,
BIB026100,BIBLES / Other Catholic Translations / Text,Religion & Spirituality,
BIB026110,BIBLES / Other Catholic Translations / Youth & Teen,Religion & Spirituality,
BIB027000,BIBLES / Other Spanish Translations / General,Religion & Spirituality,
BIB027010,BIBLES / Other Spanish Translations / Children,Religion & Spirituality,
BIB027020,BIBLES / Other Spanish Translations / Devotional,Religion & Spirituality,
BIB027030,BIBLES / Other Spanish Translations / Dramatized,Religion & Spirituality,
BIB027040,BIBLES / Other Spanish Translations / Journaling,Religion & Spirituality,
BIB027050,BIBLES / Other Spanish Translations / New Testament & Portions,Religion & Spirituality,
BIB027060,BIBLES / Other Spanish Translations / Outreach,Religion & Spirituality,
BIB027070,BIBLES / Other Spanish Translations / Reading,Religion & Spirituality,
BIB027080,BIBLES / Other Spanish Translations / Reference,Religion & Spirituality,
BIB027090,BIBLES / Other Spanish Translations / Study,Religion & Spirituality,
BIB027100,BIBLES / Other Spanish Translations / Text,Religion & Spirituality,
BIB027110,BIBLES / Other Spanish Translations / Youth & Teen,Religion & Spirituality,
BIB028000,BIBLES / New Catholic Bible / General,Religion & Spirituality,
BIB028010,BIBLES / New Catholic Bible / Children,Religion & Spirituality,
BIB028020,BIBLES / New Catholic Bible / Devotional,Religion & Spirituality,
BIB028030,BIBLES / New Catholic Bible / Dramatized,Religion & Spirituality,
BIB028040,BIBLES / New Catholic Bible / Journaling,Religion & Spirituality,
BIB028050,BIBLES / New Catholic Bible / New Testament & Portions,Religion & Spirituality,
BIB028060,BIBLES / New Catholic Bible / Outreach,Religion & Spirituality,
BIB028070,BIBLES / New Catholic Bible / Reading,Religion & Spirituality,
BIB028080,BIBLES / New Catholic Bible / Reference,Religion & Spirituality,
BIB028090,BIBLES / New Catholic Bible / Study,Religion & Spirituality,
BIB028100,BIBLES / New Catholic Bible / Text,Religion & Spirituality,
BIB028110,BIBLES / New Catholic Bible / Youth & Teen,Religion & Spirituality,
BIB029000,BIBLES / New World Translation / General,Religion & Spirituality,
BIB029010,BIBLES / New World Translation / Children,Religion & Spirituality,
BIB029020,BIBLES / New World Translation / Devotional,Religion & Spirituality,
BIB029030,BIBLES / New World Translation / Dramatized,Religion & Spirituality,
BIB029040,BIBLES / New World Translation / Journaling,Religion & Spirituality,
BIB029050,BIBLES / New World Translation / New Testament & Portions,Religion & Spirituality,
BIB029060,BIBLES / New World Translation / Outreach,Religion & Spirituality,
BIB029070,BIBLES / New World Translation / Reading,Religion & Spirituality,
BIB029080,BIBLES / New World Translation / Reference,Religion & Spirituality,
BIB029090,BIBLES / New World Translation / Study,Religion & Spirituality,
BIB029100,BIBLES / New World Translation / Text,Religion & Spirituality,
BIB029110,BIBLES / New World Translation / Youth & Teen,Religion & Spirituality,
BIO000000,BIOGRAPHY & AUTOBIOGRAPHY / General,Biography & Memoir,
BIO001000,"BIOGRAPHY & AUTOBIOGRAPHY / Artists, Architects, Photographers",Artists (Biographies),
BIO002000,BIOGRAPHY & AUTOBIOGRAPHY / Cultural & Regional,Biography & Memoir,
BIO002010,BIOGRAPHY & AUTOBIOGRAPHY / African American & Black,Foreign Cultures (Biographies),
BIO002020,BIOGRAPHY & AUTOBIOGRAPHY / Asian & Asian American,Foreign Cultures (Biographies),
BIO002030,BIOGRAPHY & AUTOBIOGRAPHY / Hispanic & Latino,Foreign Cultures (Biographies),
BIO002040,BIOGRAPHY & AUTOBIOGRAPHY / Arab & Middle Eastern,Foreign Cultures (Biographies),
BIO003000,BIOGRAPHY & AUTOBIOGRAPHY / Business,Biography & Memoir,
BIO004000,BIOGRAPHY & AUTOBIOGRAPHY / Music,Music Biographies,
BIO005000,BIOGRAPHY & AUTOBIOGRAPHY / Entertainment & Performing Arts,Actors (Biographies),
BIO006000,BIOGRAPHY & AUTOBIOGRAPHY / Historical,Historical Biographies,
BIO007000,BIOGRAPHY & AUTOBIOGRAPHY / Literary Figures,Authors (Biographies),
BIO008000,BIOGRAPHY & AUTOBIOGRAPHY / Military,War (Biographies),
BIO009000,BIOGRAPHY & AUTOBIOGRAPHY / Philosophers,Philosophical Biographies,
BIO010000,BIOGRAPHY & AUTOBIOGRAPHY / Political,Rulers & Politicians (Biographies),
BIO011000,BIOGRAPHY & AUTOBIOGRAPHY / Presidents & Heads of State,Rulers & Politicians (Biographies),
BIO012000,BIOGRAPHY & AUTOBIOGRAPHY / Reference,Biography & Memoir,
BIO013000,BIOGRAPHY & AUTOBIOGRAPHY / Rich & Famous,Public Figures (Biographies),
BIO014000,BIOGRAPHY & AUTOBIOGRAPHY / Royalty,Rulers & Politicians (Biographies),
BIO015000,BIOGRAPHY & AUTOBIOGRAPHY / Science & Technology,Biography & Memoir,
BIO016000,BIOGRAPHY & AUTOBIOGRAPHY / Sports,Sports Biographies,
BIO017000,BIOGRAPHY & AUTOBIOGRAPHY / Medical (incl. Patients),Medical Professionals (Biographies),
BIO018000,BIOGRAPHY & AUTOBIOGRAPHY / Religious,Religious Biographies,
BIO019000,BIOGRAPHY & AUTOBIOGRAPHY / Educators,Biography & Memoir,
BIO020000,BIOGRAPHY & AUTOBIOGRAPHY / Lawyers & Judges,Crime & Law Enforcement (Biographies),
BIO021000,BIOGRAPHY & AUTOBIOGRAPHY / Social Scientists & Psychologists,Biography & Memoir,
BIO022000,BIOGRAPHY & AUTOBIOGRAPHY / Women,Biography & Memoir,
BIO023000,BIOGRAPHY & AUTOBIOGRAPHY / Adventurers & Explorers,Biography & Memoir,
BIO024000,BIOGRAPHY & AUTOBIOGRAPHY / Criminals & Outlaws,Crime & Law Enforcement (Biographies),
BIO025000,"BIOGRAPHY & AUTOBIOGRAPHY / Editors, Journalists, Publishers",Journalists (Biographies),
BIO026000,BIOGRAPHY & AUTOBIOGRAPHY / Memoirs,Biography & Memoir,
BIO027000,BIOGRAPHY & AUTOBIOGRAPHY / Law Enforcement,Crime & Law Enforcement (Biographies),
BIO028000,BIOGRAPHY & AUTOBIOGRAPHY / Indigenous,Biography & Memoir,
BIO029000,BIOGRAPHY & AUTOBIOGRAPHY / Culinary,Biography & Memoir,
BIO030000,BIOGRAPHY & AUTOBIOGRAPHY / Environmentalists & Naturalists,Activism (Biographies),
BIO031000,BIOGRAPHY & AUTOBIOGRAPHY / LGBTQ+,LGBTQ Biographies,
BIO032000,BIOGRAPHY & AUTOBIOGRAPHY / Social Activists,Activism (Biographies),
BIO033000,BIOGRAPHY & AUTOBIOGRAPHY / Disability,Biography & Memoir,
BIO034000,BIOGRAPHY & AUTOBIOGRAPHY / Aviation & Nautical,Biography & Memoir,
BIO035000,BIOGRAPHY & AUTOBIOGRAPHY / Fashion,Biography & Memoir,
BIO036000,BIOGRAPHY & AUTOBIOGRAPHY / Fire & Emergency Services,Emergency Services (Biographies),
BIO037000,BIOGRAPHY & AUTOBIOGRAPHY / Jewish,Religious Biographies,
BIO038000,BIOGRAPHY & AUTOBIOGRAPHY / Survival,Survival Stories (Biographies),
BIO039000,BIOGRAPHY & AUTOBIOGRAPHY / Indigenous Peoples of Turtle Island,Foreign Cultures (Biographies),
BIO040000,BIOGRAPHY & AUTOBIOGRAPHY / Native American,Foreign Cultures (Biographies),
BIO041000,BIOGRAPHY & AUTOBIOGRAPHY / Multicultural,Foreign Cultures (Biographies),
BUS000000,BUSINESS & ECONOMICS / General,Economics,
BUS001000,BUSINESS & ECONOMICS / Accounting / General,Economics,
BUS001010,BUSINESS & ECONOMICS / Accounting / Financial,Economics,
BUS001020,BUSINESS & ECONOMICS / Accounting / Governmental,Economics,
BUS001030,BUSINESS & ECONOMICS / International / Accounting,Economics,
BUS001040,BUSINESS & ECONOMICS / Accounting / Managerial,Economics,
BUS001050,"BUSINESS & ECONOMICS / Accounting / Standards (GAAP, IFRS, etc.)",Economics,
BUS002000,BUSINESS & ECONOMICS / Advertising & Promotion,Marketing,
BUS003000,BUSINESS & ECONOMICS / Auditing,Economics,
BUS004000,BUSINESS & ECONOMICS / Banks & Banking,Economics,
BUS005000,BUSINESS & ECONOMICS / Bookkeeping,Economics,
BUS006000,BUSINESS & ECONOMICS / Budgeting,Economics,
BUS007000,BUSINESS & ECONOMICS / Business Communication / General,Economics,
BUS007010,BUSINESS & ECONOMICS / Business Communication / Meetings & Presentations,Economics,
BUS008000,BUSINESS & ECONOMICS / Business Ethics,Economics,
BUS009000,BUSINESS & ECONOMICS / Business Etiquette,Economics,
BUS010000,BUSINESS & ECONOMICS / Business Law,Economics,
BUS011000,BUSINESS & ECONOMICS / Business Writing,Economics,
BUS012000,BUSINESS & ECONOMICS / Careers / General,Economics,
BUS012010,BUSINESS & ECONOMICS / Careers / Internships,Economics,
BUS012020,BUSINESS & ECONOMICS / Careers / Interviewing,Economics,
BUS012030,BUSINESS & ECONOMICS / Careers / Career Advancement & Professional Development,Economics,
BUS013000,BUSINESS & ECONOMICS / Commercial Policy,Marketing,
BUS014000,BUSINESS & ECONOMICS / Investments & Securities / Commodities / General,Investing,
BUS014010,BUSINESS & ECONOMICS / Investments & Securities / Commodities / Energy,Investing,
BUS014020,BUSINESS & ECONOMICS / Investments & Securities / Commodities / Metals,Investing,
BUS015000,BUSINESS & ECONOMICS / Mergers & Acquisitions,Economics,
BUS016000,BUSINESS & ECONOMICS / Consumer Behavior,Economics,
BUS017000,BUSINESS & ECONOMICS / Corporate Finance / General,Economics,
BUS017010,BUSINESS & ECONOMICS / Corporate Finance / Private Equity,Economics,
BUS017020,BUSINESS & ECONOMICS / Corporate Finance / Valuation,Economics,
BUS017030,BUSINESS & ECONOMICS / Corporate Finance / Venture Capital,Economics,
BUS018000,BUSINESS & ECONOMICS / Customer Relations,Economics,
BUS019000,BUSINESS & ECONOMICS / Decision-Making & Problem Solving,Economics,
BUS020000,BUSINESS & ECONOMICS / Development / Business Development,Economics,
BUS021000,BUSINESS & ECONOMICS / Econometrics,Economics,
BUS022000,BUSINESS & ECONOMICS / Economic Conditions,Economics,
BUS023000,BUSINESS & ECONOMICS / Economic History,Economics,
BUS024000,BUSINESS & ECONOMICS / Education,Economics,
BUS025000,BUSINESS & ECONOMICS / Entrepreneurship,Economics,
BUS026000,BUSINESS & ECONOMICS / Exports & Imports,Economics,
BUS027000,BUSINESS & ECONOMICS / Finance / General,Economics,
BUS027010,BUSINESS & ECONOMICS / Finance / Financial Engineering,Economics,
BUS027020,BUSINESS & ECONOMICS / Finance / Financial Risk Management,Economics,
BUS027030,BUSINESS & ECONOMICS / Finance / Wealth Management,Economics,
BUS028000,BUSINESS & ECONOMICS / Foreign Exchange,Economics,
BUS029000,BUSINESS & ECONOMICS / Free Enterprise & Capitalism,Economics,
BUS030000,BUSINESS & ECONOMICS / Human Resources & Personnel Management,Management & Leadership,
BUS031000,BUSINESS & ECONOMICS / Inflation,Economics,
BUS032000,BUSINESS & ECONOMICS / Infrastructure,Economics,
BUS033000,BUSINESS & ECONOMICS / Insurance / General,Economics,
BUS033010,BUSINESS & ECONOMICS / Insurance / Automobile,Economics,
BUS033020,BUSINESS & ECONOMICS / Insurance / Casualty,Economics,
BUS033040,BUSINESS & ECONOMICS / Insurance / Health,Economics,
BUS033050,BUSINESS & ECONOMICS / Insurance / Liability,Economics,
BUS033060,BUSINESS & ECONOMICS / Insurance / Life,Economics,
BUS033070,BUSINESS & ECONOMICS / Insurance / Risk Assessment & Management,Economics,
BUS033080,BUSINESS & ECONOMICS / Insurance / Property,Economics,
BUS034000,BUSINESS & ECONOMICS / Interest,Economics,
BUS035000,BUSINESS & ECONOMICS / International / General,Economics,
BUS036000,BUSINESS & ECONOMICS / Investments & Securities / General,Investing,
BUS036010,BUSINESS & ECONOMICS / Investments & Securities / Bonds,Investing,
BUS036020,BUSINESS & ECONOMICS / Investments & Securities / Futures,Investing,
BUS036030,BUSINESS & ECONOMICS / Investments & Securities / Mutual Funds,Investing,
BUS036040,BUSINESS & ECONOMICS / Investments & Securities / Options,Investing,
BUS036050,BUSINESS & ECONOMICS / Investments & Securities / Real Estate,Investing,
BUS036060,BUSINESS & ECONOMICS / Investments & Securities / Stocks,Investing,
BUS036070,BUSINESS & ECONOMICS / Investments & Securities / Analysis & Trading Strategies,Investing,
BUS036080,BUSINESS & ECONOMICS / Investments & Securities / Derivatives,Investing,
BUS036090,BUSINESS & ECONOMICS / Investments & Securities / Portfolio Management,Investing,
BUS037020,BUSINESS & ECONOMICS / Careers / Job Hunting,Economics,
BUS038000,BUSINESS & ECONOMICS / Labor / General,Economics,
BUS038010,BUSINESS & ECONOMICS / Labor / Unions,Economics,
BUS038020,BUSINESS & ECONOMICS / Labor / Wages & Compensation,Economics,
BUS039000,BUSINESS & ECONOMICS / Economics / Macroeconomics,Economics,
BUS040000,BUSINESS & ECONOMICS / Mail Order,Economics,
BUS041000,BUSINESS & ECONOMICS / Management,Management & Leadership,
BUS042000,BUSINESS & ECONOMICS / Management Science,Management & Leadership,
BUS043000,BUSINESS & ECONOMICS / Marketing / General,Marketing,
BUS043010,BUSINESS & ECONOMICS / Marketing / Direct,Marketing,
BUS043020,BUSINESS & ECONOMICS / Marketing / Industrial,Marketing,
BUS043030,BUSINESS & ECONOMICS / International / Marketing,Marketing,
BUS043040,BUSINESS & ECONOMICS / Marketing / Multilevel,Marketing,
BUS043050,BUSINESS & ECONOMICS / Marketing / Telemarketing,Marketing,
BUS043060,BUSINESS & ECONOMICS / Marketing / Research,Marketing,
BUS044000,BUSINESS & ECONOMICS / Economics / Microeconomics,Economics,
BUS045000,BUSINESS & ECONOMICS / Money & Monetary Policy,Economics,
BUS046000,BUSINESS & ECONOMICS / Motivational,Management & Leadership,
BUS047000,BUSINESS & ECONOMICS / Negotiating,Management & Leadership,
BUS048000,BUSINESS & ECONOMICS / New Business Enterprises,Economics,
BUS049000,BUSINESS & ECONOMICS / Operations Research,Economics,
BUS050000,BUSINESS & ECONOMICS / Personal Finance / General,Economics,
BUS050010,BUSINESS & ECONOMICS / Personal Finance / Budgeting,Economics,
BUS050020,BUSINESS & ECONOMICS / Personal Finance / Investing,Investing,
BUS050030,BUSINESS & ECONOMICS / Personal Finance / Money Management,Economics,
BUS050040,BUSINESS & ECONOMICS / Personal Finance / Retirement Planning,Economics,
BUS050050,BUSINESS & ECONOMICS / Personal Finance / Taxation,Economics,
BUS051000,BUSINESS & ECONOMICS / Public Finance,Economics,
BUS052000,BUSINESS & ECONOMICS / Public Relations,Economics,
BUS053000,BUSINESS & ECONOMICS / Quality Control,Economics,
BUS054000,BUSINESS & ECONOMICS / Real Estate / General,Investing,
BUS054010,BUSINESS & ECONOMICS / Real Estate / Buying & Selling Homes,Investing,
BUS054020,BUSINESS & ECONOMICS / Real Estate / Commercial,Investing,
BUS054030,BUSINESS & ECONOMICS / Real Estate / Mortgages,Investing,
BUS055000,BUSINESS & ECONOMICS / Reference,Economics,
BUS056030,BUSINESS & ECONOMICS / Careers / Resumes,Economics,
BUS057000,BUSINESS & ECONOMICS / Industries / Retailing,Economics,
BUS058000,BUSINESS & ECONOMICS / Sales & Selling / General,Economics,
BUS058010,BUSINESS & ECONOMICS / Sales & Selling / Management,Economics,
BUS059000,BUSINESS & ECONOMICS / Skills,Economics,
BUS060000,BUSINESS & ECONOMICS / Small Business,Economics,
BUS061000,BUSINESS & ECONOMICS / Statistics,Economics,
BUS062000,BUSINESS & ECONOMICS / Structural Adjustment,Economics,
BUS063000,BUSINESS & ECONOMICS / Strategic Planning,Economics,
BUS064000,BUSINESS & ECONOMICS / Taxation / General,Economics,
BUS064010,BUSINESS & ECONOMICS / Taxation / Corporate,Economics,
BUS064020,BUSINESS & ECONOMICS / International / Taxation,Economics,
BUS064030,BUSINESS & ECONOMICS / Taxation / Small Business,Economics,
BUS065000,BUSINESS & ECONOMICS / Total Quality Management,Economics,
BUS066000,BUSINESS & ECONOMICS / Training,Economics,
BUS067000,BUSINESS & ECONOMICS / Urban & Regional,Economics,
BUS068000,BUSINESS & ECONOMICS / Development / Economic Development,Economics,
BUS069000,BUSINESS & ECONOMICS / Economics / General,Economics,
BUS069010,BUSINESS & ECONOMICS / Economics / Comparative,Economics,
BUS069020,BUSINESS & ECONOMICS / International / Economics & Trade,Economics,
BUS069030,BUSINESS & ECONOMICS / Economics / Theory,Economics,
BUS069040,BUSINESS & ECONOMICS / Economics / Social & Behavioral,Economics,
BUS070000,BUSINESS & ECONOMICS / Industries / General,Economics,
BUS070010,BUSINESS & ECONOMICS / Industries / Agribusiness,Economics,
BUS070020,BUSINESS & ECONOMICS / Industries / Automobile Industry,Economics,
BUS070030,BUSINESS & ECONOMICS / Industries / Computers & Information Technology,Economics,
BUS070040,BUSINESS & ECONOMICS / Industries / Energy,Economics,
BUS070050,BUSINESS & ECONOMICS / Industries / Manufacturing,Economics,
BUS070060,BUSINESS & ECONOMICS / Industries / Media & Communications,Economics,
BUS070070,BUSINESS & ECONOMICS / Industries / Park & Recreation Management,Economics,
BUS070080,BUSINESS & ECONOMICS / Industries / Service,Economics,
BUS070090,BUSINESS & ECONOMICS / Industries / Fashion & Textile Industry,Economics,
BUS070100,BUSINESS & ECONOMICS / Industries / Transportation,Economics,
BUS070110,BUSINESS & ECONOMICS / Industries / Entertainment,Economics,
BUS070120,BUSINESS & ECONOMICS / Industries / Food Industry,Economics,
BUS070130,BUSINESS & ECONOMICS / Industries / Pharmaceutical & Biotechnology,Economics,
BUS070140,BUSINESS & ECONOMICS / Industries / Financial Services,Economics,
BUS070150,BUSINESS & ECONOMICS / Industries / Natural Resource Extraction,Economics,
BUS070160,BUSINESS & ECONOMICS / Industries / Construction,Economics,
BUS070170,BUSINESS & ECONOMICS / Industries / Healthcare,Economics,
BUS071000,BUSINESS & ECONOMICS / Leadership,Management & Leadership,
BUS072000,BUSINESS & ECONOMICS / Development / Sustainable Development,Economics,
BUS073000,BUSINESS & ECONOMICS / Commerce,Economics,
BUS074000,BUSINESS & ECONOMICS / Nonprofit Organizations & Charities / General,Economics,
BUS074010,BUSINESS & ECONOMICS / Nonprofit Organizations & Charities / Finance & Accounting,Economics,
BUS074020,BUSINESS & ECONOMICS / Nonprofit Organizations & Charities / Fundraising & Grants,Economics,
BUS074030,BUSINESS & ECONOMICS / Nonprofit Organizations & Charities / Management & Leadership,Management & Leadership,
BUS074040,BUSINESS & ECONOMICS / Nonprofit Organizations & Charities / Marketing & Communications,Marketing,
BUS075000,BUSINESS & ECONOMICS / Consulting,Economics,
BUS076000,BUSINESS & ECONOMICS / Purchasing & Buying,Economics,
BUS077000,BUSINESS & ECONOMICS / Corporate & Business History,Economics,
BUS078000,BUSINESS & ECONOMICS / Distribution,Economics,
BUS079000,BUSINESS & ECONOMICS / Government & Business,Economics,
BUS080000,BUSINESS & ECONOMICS / Home-Based Businesses,Economics,
BUS081000,"BUSINESS & ECONOMICS / Industries / Hospitality, Travel & Tourism",Economics,
BUS082000,BUSINESS & ECONOMICS / Industrial Management,Management & Leadership,
BUS083000,BUSINESS & ECONOMICS / Information Management,Management & Leadership,
BUS084000,BUSINESS & ECONOMICS / Office Automation,Economics,
BUS085000,BUSINESS & ECONOMICS / Organizational Behavior,Economics,
BUS086000,BUSINESS & ECONOMICS / Forecasting,Economics,
BUS087000,BUSINESS & ECONOMICS / Production & Operations Management,Management & Leadership,
BUS088000,BUSINESS & ECONOMICS / Time Management,Management & Leadership,
BUS089000,BUSINESS & ECONOMICS / Secretarial Aids & Training,Economics,
BUS090000,BUSINESS & ECONOMICS / E-Commerce / General (see also COMPUTERS / Electronic Commerce),Economics,
BUS090010,BUSINESS & ECONOMICS / E-Commerce / Digital Marketing,Marketing,
BUS090030,BUSINESS & ECONOMICS / E-Commerce / Online Trading,Economics,
BUS090040,BUSINESS & ECONOMICS / E-Commerce / Small Business,Economics,
BUS090050,BUSINESS & ECONOMICS / E-Commerce / Search Engine Optimization,Economics,
BUS091000,BUSINESS & ECONOMICS / Business Mathematics,Economics,
BUS092000,BUSINESS & ECONOMICS / Development / General,Economics,
BUS093000,BUSINESS & ECONOMICS / Facility Management,Management & Leadership,
BUS094000,BUSINESS & ECONOMICS / Green Business,Economics,
BUS095000,BUSINESS & ECONOMICS / Office Equipment & Supplies,Economics,
BUS096000,BUSINESS & ECONOMICS / Office Management,Management & Leadership,
BUS097000,BUSINESS & ECONOMICS / Workplace Culture,Economics,
BUS098000,BUSINESS & ECONOMICS / Knowledge Capital,Economics,
BUS099000,BUSINESS & ECONOMICS / Environmental Economics,Economics,
BUS100000,BUSINESS & ECONOMICS / Museum Administration & Museology,Economics,
BUS101000,BUSINESS & ECONOMICS / Project Management,Management & Leadership,
BUS102000,BUSINESS & ECONOMICS / Outsourcing,Economics,
BUS103000,BUSINESS & ECONOMICS / Organizational Development,Economics,
BUS104000,BUSINESS & ECONOMICS / Corporate Governance,Economics,
BUS105000,BUSINESS & ECONOMICS / Franchises,Economics,
BUS106000,BUSINESS & ECONOMICS / Mentoring & Coaching,Management & Leadership,
BUS107000,BUSINESS & ECONOMICS / Personal Success,Economics,
BUS108000,BUSINESS & ECONOMICS / Research & Development,Economics,
BUS109000,BUSINESS & ECONOMICS / Women in Business,Economics,
BUS110000,BUSINESS & ECONOMICS / Conflict Resolution & Mediation,Management & Leadership,
BUS111000,BUSINESS & ECONOMICS / Crowdfunding,Investing,
BUS112000,BUSINESS & ECONOMICS / Islamic Banking & Finance,Economics,
BUS113000,BUSINESS & ECONOMICS / Globalization,Economics,
BUS114000,BUSINESS & ECONOMICS / Bitcoin & Cryptocurrencies,Investing,
BUS115000,BUSINESS & ECONOMICS / Freelance & Self-Employment,Economics,
BUS116000,BUSINESS & ECONOMICS / Logistics & Supply Chain,Economics,
BUS117000,BUSINESS & ECONOMICS / Workplace Harassment & Discrimination,Economics,
BUS118000,BUSINESS & ECONOMICS / Diversity & Inclusion,Economics,
BUS119000,BUSINESS & ECONOMICS / Indigenous Economies,Economics,
BUS120000,BUSINESS & ECONOMICS / Occupational Health & Safety,Economics,
CGN000000,COMICS & GRAPHIC NOVELS / General,,Comics & Graphic Novels
CGN001000,COMICS & GRAPHIC NOVELS / Anthologies,,Comics & Graphic Novels
CGN004010,COMICS & GRAPHIC NOVELS / Crime & Mystery,,Comics & Graphic Novels
CGN004020,COMICS & GRAPHIC NOVELS / Erotica,,Comics & Graphic Novels
CGN004030,COMICS & GRAPHIC NOVELS / Fantasy / General,,Comics & Graphic Novels
CGN004040,COMICS & GRAPHIC NOVELS / Horror,,Comics & Graphic Novels
CGN004050,COMICS & GRAPHIC NOVELS / East Asian Style / Manga / General,,Comics & Graphic Novels
CGN004060,COMICS & GRAPHIC NOVELS / Media Tie-In,,Comics & Graphic Novels
CGN004070,COMICS & GRAPHIC NOVELS / Science Fiction / General,,Comics & Graphic Novels
CGN004080,COMICS & GRAPHIC NOVELS / Superheroes (see also FICTION / Superheroes),,Comics & Graphic Novels
CGN004090,COMICS & GRAPHIC NOVELS / Romance,,Comics & Graphic Novels
CGN004110,COMICS & GRAPHIC NOVELS / East Asian Style / Manga / Erotica & Hentai,,Comics & Graphic Novels
CGN004200,COMICS & GRAPHIC NOVELS / Sports,,Comics & Graphic Novels
CGN004210,COMICS & GRAPHIC NOVELS / East Asian Style / Manga / Yaoi (Boys' Love),,Comics & Graphic Novels
CGN004260,COMICS & GRAPHIC NOVELS / East Asian Style / Manga / Magical Girl,,Comics & Graphic Novels
CGN004270,COMICS & GRAPHIC NOVELS / East Asian Style / Manga / Mecha,,Comics & Graphic Novels
CGN004280,COMICS & GRAPHIC NOVELS / School Life,,Comics & Graphic Novels
CGN004300,COMICS & GRAPHIC NOVELS / East Asian Style / Manga / Isekai,,Comics & Graphic Novels
CGN004310,COMICS & GRAPHIC NOVELS / East Asian Style / Manga / Yuri (Girls' Love),,Comics & Graphic Novels
CGN004320,COMICS & GRAPHIC NOVELS / Light Novel,,Comics & Graphic Novels
CGN004330,COMICS & GRAPHIC NOVELS / Food,,Comics & Graphic Novels
CGN004340,COMICS & GRAPHIC NOVELS / East Asian Style / General,,Comics & Graphic Novels
CGN004350,COMICS & GRAPHIC NOVELS / East Asian Style / Manhua,,Comics & Graphic Novels
CGN004360,COMICS & GRAPHIC NOVELS / Fantasy / Dark Fantasy,,Comics & Graphic Novels
CGN004370,COMICS & GRAPHIC NOVELS / Fantasy / Dragons & Mythical Creatures,,Comics & Graphic Novels
CGN004380,COMICS & GRAPHIC NOVELS / Fantasy / Epic,,Comics & Graphic Novels
CGN004390,COMICS & GRAPHIC NOVELS / Science Fiction / Alien Contact,,Comics & Graphic Novels
CGN004400,COMICS & GRAPHIC NOVELS / Science Fiction / Apocalyptic & Post-Apocalyptic,,Comics & Graphic Novels
CGN004410,COMICS & GRAPHIC NOVELS / Science Fiction / Cyberpunk,,Comics & Graphic Novels
CGN004420,COMICS & GRAPHIC NOVELS / Science Fiction / Steampunk,,Comics & Graphic Novels
CGN006000,COMICS & GRAPHIC NOVELS / Literary,,Comics & Graphic Novels
CGN007000,COMICS & GRAPHIC NOVELS / Nonfiction / General,,Comics & Graphic Novels
CGN007010,COMICS & GRAPHIC NOVELS / Nonfiction / Biography & Memoir,,Comics & Graphic Novels
CGN007020,COMICS & GRAPHIC NOVELS / Nonfiction / History,,Comics & Graphic Novels
CGN007030,COMICS & GRAPHIC NOVELS / Nonfiction / Journalism,,Comics & Graphic Novels
CGN007040,COMICS & GRAPHIC NOVELS / Nonfiction / Science & Nature,,Comics & Graphic Novels
CGN007050,COMICS & GRAPHIC NOVELS / Nonfiction / Medicine,,Comics & Graphic Novels
CGN007060,COMICS & GRAPHIC NOVELS / Nonfiction / Politics & Philosophy,,Comics & Graphic Novels
CGN007070,COMICS & GRAPHIC NOVELS / Nonfiction / Self-Help,,Comics & Graphic Novels
CGN008000,COMICS & GRAPHIC NOVELS / Contemporary Women,,Comics & Graphic Novels
CGN009000,COMICS & GRAPHIC NOVELS / LGBTQ+ / General,,Comics & Graphic Novels
CGN009010,COMICS & GRAPHIC NOVELS / LGBTQ+ / Bisexual,,Comics & Graphic Novels
CGN009020,COMICS & GRAPHIC NOVELS / LGBTQ+ / Gay,,Comics & Graphic Novels
CGN009030,COMICS & GRAPHIC NOVELS / LGBTQ+ / Lesbian,,Comics & Graphic Novels
CGN009040,COMICS & GRAPHIC NOVELS / LGBTQ+ / Transgender,,Comics & Graphic Novels
CGN009050,COMICS & GRAPHIC NOVELS / LGBTQ+ / Two-Spirited & Indigiqueer,,Comics & Graphic Novels
CGN009060,COMICS & GRAPHIC NOVELS / LGBTQ+ / Nonbinary & Genderqueer,,Comics & Graphic Novels
CGN010000,COMICS & GRAPHIC NOVELS / Historical Fiction / General,,Comics & Graphic Novels
CGN010010,COMICS & GRAPHIC NOVELS / Historical Fiction / Ancient,,Comics & Graphic Novels
CGN010020,COMICS & GRAPHIC NOVELS / Historical Fiction / Medieval,,Comics & Graphic Novels
CGN010030,COMICS & GRAPHIC NOVELS / Historical Fiction / World War II & Holocaust,,Comics & Graphic Novels
CGN011000,COMICS & GRAPHIC NOVELS / Religious,,Comics & Graphic Novels
CGN012000,COMICS & GRAPHIC NOVELS / Adaptations,,Comics & Graphic Novels
CGN013000,COMICS & GRAPHIC NOVELS / Dystopian,,Comics & Graphic Novels
CGN014000,COMICS & GRAPHIC NOVELS / Humorous,,Comics & Graphic Novels
CGN015000,"COMICS & GRAPHIC NOVELS / Reference, Guides & Companions",,Comics & Graphic Novels
CGN016000,COMICS & GRAPHIC NOVELS / Occult & Supernatural,,Comics & Graphic Novels
CGN017000,COMICS & GRAPHIC NOVELS / Supervillains,,Comics & Graphic Novels
CGN018000,COMICS & GRAPHIC NOVELS / Action & Adventure,,Comics & Graphic Novels
CGN019000,"COMICS & GRAPHIC NOVELS / Fairy Tales, Folk Tales, Legends & Mythology",,Comics & Graphic Novels
CGN020000,COMICS & GRAPHIC NOVELS / European Style (incl. Bandes Dessinées),,Comics & Graphic Novels
CGN021000,COMICS & GRAPHIC NOVELS / East Asian Style / Manhwa,,Comics & Graphic Novels
CGN022000,COMICS & GRAPHIC NOVELS / African American & Black,,Comics & Graphic Novels
CGN023000,COMICS & GRAPHIC NOVELS / Asian American & Pacific Islander,,Comics & Graphic Novels
CGN024000,COMICS & GRAPHIC NOVELS / Coming of Age,,Comics & Graphic Novels
CGN025000,COMICS & GRAPHIC NOVELS / Diversity & Multicultural,,Comics & Graphic Novels
CGN026000,COMICS & GRAPHIC NOVELS / Feminist,,Comics & Graphic Novels
CGN027000,COMICS & GRAPHIC NOVELS / Hispanic & Latino,,Comics & Graphic Novels
CGN028000,COMICS & GRAPHIC NOVELS / Indigenous,,Comics & Graphic Novels
CGN029000,COMICS & GRAPHIC NOVELS / Indigenous Peoples of Turtle Island,,Comics & Graphic Novels
CGN030000,COMICS & GRAPHIC NOVELS / Jewish,,Comics & Graphic Novels
CGN031000,COMICS & GRAPHIC NOVELS / Magical Realism,,Comics & Graphic Novels
CGN032000,COMICS & GRAPHIC NOVELS / Native American,,Comics & Graphic Novels
CGN033000,COMICS & GRAPHIC NOVELS / Satire,,Comics & Graphic Novels
CGN034000,COMICS & GRAPHIC NOVELS / Slice of Life,,Comics & Graphic Novels
CGN035000,COMICS & GRAPHIC NOVELS / Spies & Espionage,,Comics & Graphic Novels
CGN036000,COMICS & GRAPHIC NOVELS / Disability,,Comics & Graphic Novels
CKB000000,COOKING / General,Cookbooks,
CKB001000,COOKING / Regional & Cultural / African,Cookbooks,
CKB002000,COOKING / Regional & Cultural / American / General,Cookbooks,
CKB002010,COOKING / Regional & Cultural / American / California Style,Cookbooks,
CKB002020,COOKING / Regional & Cultural / American / Middle Atlantic States,Cookbooks,
CKB002030,COOKING / Regional & Cultural / American / Middle Western States,Cookbooks,
CKB002040,COOKING / Regional & Cultural / American / New England,Cookbooks,
CKB002050,COOKING / Regional & Cultural / American / Northwestern States,Cookbooks,
CKB002060,COOKING / Regional & Cultural / American / Southern States,Cookbooks,
CKB002070,COOKING / Regional & Cultural / American / Southwestern States,Cookbooks,
CKB002080,COOKING / Regional & Cultural / American / Western States,Cookbooks,
CKB003000,COOKING / Courses & Dishes / Appetizers,Cookbooks,
CKB004000,COOKING / Methods / Baking,Cookbooks,
CKB005000,COOKING / Methods / Barbecue & Grilling,Cookbooks,
CKB006000,COOKING / Beverages / Alcoholic / Bartending & Cocktails,Cookbooks,
CKB007000,COOKING / Beverages / Alcoholic / Beer,Cookbooks,
CKB008000,COOKING / Beverages / Non-Alcoholic,Cookbooks,
CKB009000,COOKING / Courses & Dishes / Bread,Cookbooks,
CKB010000,COOKING / Courses & Dishes / Breakfast,Cookbooks,
CKB011000,"COOKING / Regional & Cultural / English, Scottish & Welsh",Cookbooks,
CKB012000,COOKING / Courses & Dishes / Brunch,Cookbooks,
CKB013000,COOKING / Regional & Cultural / Cajun & Creole,Cookbooks,
CKB014000,COOKING / Courses & Dishes / Cakes,Cookbooks,
CKB015000,COOKING / Methods / Canning & Preserving,Cookbooks,
CKB016000,COOKING / Regional & Cultural / Caribbean & West Indian,Cookbooks,
CKB017000,COOKING / Regional & Cultural / Chinese,Cookbooks,
CKB018000,COOKING / Specific Ingredients / Chocolate,Cookbooks,
CKB019000,COOKING / Beverages / Coffee & Tea,Cookbooks,
CKB020000,COOKING / Methods / Cooking for One,Cookbooks,
CKB021000,COOKING / Courses & Dishes / Cookies,Cookbooks,
CKB023000,COOKING / Methods / General,Cookbooks,
CKB024000,COOKING / Courses & Dishes / Desserts,Cookbooks,
CKB025000,COOKING / Health & Healing / Diabetic & Sugar-Free,Cookbooks,
CKB026000,COOKING / Health & Healing / Weight Control,Cookbooks,
CKB029000,COOKING / Entertaining,Cookbooks,
CKB030000,COOKING / Essays & Narratives,Cookbooks,
CKB031000,COOKING / Regional & Cultural / General,Cookbooks,
CKB032000,COOKING / Specific Ingredients / Game,Cookbooks,
CKB033000,COOKING / Methods / Garnishing & Food Presentation,Cookbooks,
CKB034000,COOKING / Regional & Cultural / French,Cookbooks,
CKB035000,COOKING / Specific Ingredients / Fruit,Cookbooks,
CKB036000,COOKING / Regional & Cultural / German,Cookbooks,
CKB037000,COOKING / Methods / Gourmet,Cookbooks,
CKB038000,COOKING / Regional & Cultural / Greek,Cookbooks,
CKB039000,COOKING / Health & Healing / General,Cookbooks,
CKB040000,"COOKING / Specific Ingredients / Herbs, Spices, Condiments",Cookbooks,
CKB041000,COOKING / History,Cookbooks,
CKB042000,COOKING / Holiday,Cookbooks,
CKB043000,COOKING / Regional & Cultural / Hungarian,Cookbooks,
CKB044000,COOKING / Regional & Cultural / Indian & South Asian,Cookbooks,
CKB045000,COOKING / Regional & Cultural / International,Cookbooks,
CKB046000,COOKING / Regional & Cultural / Irish,Cookbooks,
CKB047000,COOKING / Regional & Cultural / Italian,Cookbooks,
CKB048000,COOKING / Regional & Cultural / Japanese,Cookbooks,
CKB049000,COOKING / Regional & Cultural / Jewish & Kosher,Cookbooks,
CKB050000,COOKING / Health & Healing / Low Cholesterol,Cookbooks,
CKB051000,COOKING / Health & Healing / Low Fat,Cookbooks,
CKB052000,COOKING / Health & Healing / Low Salt,Cookbooks,
CKB054000,COOKING / Specific Ingredients / Meat,Cookbooks,
CKB055000,COOKING / Regional & Cultural / Mediterranean,Cookbooks,
CKB056000,COOKING / Regional & Cultural / Mexican,Cookbooks,
CKB057000,COOKING / Methods / Microwave,Cookbooks,
CKB058000,COOKING / Regional & Cultural / Indigenous Food of the Americas,Cookbooks,
CKB059000,COOKING / Specific Ingredients / Natural Foods,Cookbooks,
CKB060000,COOKING / Methods / Outdoor,Cookbooks,
CKB061000,COOKING / Specific Ingredients / Pasta,Cookbooks,
CKB062000,COOKING / Courses & Dishes / Pastry,Cookbooks,
CKB063000,COOKING / Courses & Dishes / Pies,Cookbooks,
CKB064000,COOKING / Courses & Dishes / Pizza,Cookbooks,
CKB065000,COOKING / Regional & Cultural / Polish,Cookbooks,
CKB066000,COOKING / Regional & Cultural / Portuguese,Cookbooks,
CKB067000,COOKING / Specific Ingredients / Poultry,Cookbooks,
CKB068000,COOKING / Methods / Professional,Cookbooks,
CKB069000,COOKING / Methods / Quantity,Cookbooks,
CKB070000,COOKING / Methods / Quick & Easy,Cookbooks,
CKB071000,COOKING / Reference,Cookbooks,
CKB072000,COOKING / Regional & Cultural / Russian,Cookbooks,
CKB073000,COOKING / Courses & Dishes / Salads,Cookbooks,
CKB074000,COOKING / Regional & Cultural / Scandinavian,Cookbooks,
CKB076000,COOKING / Specific Ingredients / Fish & Seafood,Cookbooks,
CKB077000,COOKING / Seasonal,Cookbooks,
CKB078000,COOKING / Regional & Cultural / Soul Food,Cookbooks,
CKB079000,COOKING / Courses & Dishes / Soups & Stews,Cookbooks,
CKB080000,COOKING / Regional & Cultural / Spanish,Cookbooks,
CKB081000,COOKING / Methods / Special Appliances,Cookbooks,
CKB082000,COOKING / Tablesetting,Cookbooks,
CKB083000,COOKING / Regional & Cultural / Thai,Cookbooks,
CKB084000,COOKING / Regional & Cultural / Turkish,Cookbooks,
CKB085000,COOKING / Specific Ingredients / Vegetables,Cookbooks,
CKB086000,COOKING / Vegetarian,Cookbooks,
CKB088000,COOKING / Beverages / Alcoholic / General,Cookbooks,
CKB089000,COOKING / Methods / Wok,Cookbooks,
CKB090000,COOKING / Regional & Cultural / Asian,Cookbooks,
CKB091000,COOKING / Regional & Cultural / Canadian,Cookbooks,
CKB092000,COOKING / Regional & Cultural / European,Cookbooks,
CKB093000,COOKING / Regional & Cultural / Middle Eastern,Cookbooks,
CKB094000,COOKING / Regional & Cultural / Vietnamese,Cookbooks,
CKB095000,COOKING / Courses & Dishes / Confectionery,Cookbooks,
CKB096000,COOKING / Specific Ingredients / Dairy,Cookbooks,
CKB097000,COOKING / Regional & Cultural / Australian & Oceanian,Cookbooks,
CKB098000,COOKING / Specific Ingredients / Rice & Grains,Cookbooks,
CKB099000,COOKING / Regional & Cultural / Central American & South American,Cookbooks,
CKB100000,COOKING / Beverages / General,Cookbooks,
CKB101000,COOKING / Courses & Dishes / General,Cookbooks,
CKB102000,COOKING / Courses & Dishes / Sauces & Dressings,Cookbooks,
CKB103000,COOKING / Health & Healing / Cancer,Cookbooks,
CKB104000,COOKING / Health & Healing / Heart,Cookbooks,
CKB105000,COOKING / Specific Ingredients / General,Cookbooks,
CKB106000,COOKING / Health & Healing / Allergy,Cookbooks,
CKB107000,COOKING / Baby Food,Cookbooks,
CKB108000,COOKING / Health & Healing / Low Carbohydrate,Cookbooks,
CKB109000,COOKING / Methods / Slow Cooking,Cookbooks,
CKB110000,COOKING / Methods / Raw Food,Cookbooks,
CKB111000,COOKING / Health & Healing / Gluten-Free,Cookbooks,
CKB112000,COOKING / Courses & Dishes / Casseroles,Cookbooks,
CKB113000,COOKING / Methods / Low Budget,Cookbooks,
CKB114000,COOKING / Health & Healing / High Protein,Cookbooks,
CKB115000,COOKING / Individual Chefs & Restaurants,Cookbooks,
CKB116000,COOKING / Methods / Frying,Cookbooks,
CKB117000,COOKING / Pet Food,Cookbooks,
CKB118000,COOKING / Beverages / Juices & Smoothies,Cookbooks,
CKB119000,COOKING / Cooking for Kids,Cookbooks,
CKB120000,COOKING / Cooking with Kids,Cookbooks,
CKB121000,COOKING / Courses & Dishes / Sandwiches,Cookbooks,
CKB122000,"COOKING / Courses & Dishes / Ice Cream, Ices, etc.",Cookbooks,
CKB123000,COOKING / Regional & Cultural / Korean,Cookbooks,
CKB124000,COOKING / Regional & Cultural / Southeast Asian,Cookbooks,
CKB125000,COOKING / Vegan,Cookbooks,
CKB126000,COOKING / Beverages / Alcoholic / Wine,Cookbooks,
CKB127000,COOKING / Comfort Food,Cookbooks,
CKB128000,COOKING / Celebrities & Media Tie-In,Cookbooks,
CKB129000,COOKING / Methods / Pressure Cooking,Cookbooks,
CKB130000,COOKING / Beverages / Alcoholic / Spirits,Cookbooks,
CKB131000,COOKING / Equipment & Utensils,Cookbooks,
CKB132000,COOKING / Farm to Table,Cookbooks,
CKB133000,COOKING / Picnicking & Tailgating,Cookbooks,
CKB134000,COOKING / Regional & Cultural / Amish & Mennonite,Cookbooks,
CKB135000,COOKING / Courses & Dishes / Snacks,Cookbooks,
CKB136000,COOKING / Courses & Dishes / Tea Time,Cookbooks,
CKB137000,COOKING / Health & Healing / Low FODMAP,Cookbooks,
CKB138000,COOKING / Regional & Cultural / Indigenous Food of Turtle Island,Cookbooks,
CKB139000,COOKING / Regional & Cultural / Native American,Cookbooks,
CKB140000,COOKING / Street Food,Cookbooks,
CKB141000,COOKING / Boards & Platters (incl. Charcuterie),Cookbooks,
CKB142000,COOKING / Methods / Fermentation,Cookbooks,
CKB143000,COOKING / Courses & Dishes / Dinner,Cookbooks,
COM000000,COMPUTERS / General,Computers,
COM004000,COMPUTERS / Artificial Intelligence / General,Artificial Intelligence,
COM005000,COMPUTERS / Business & Productivity Software / General,Computers,
COM005030,COMPUTERS / Business & Productivity Software / Business Intelligence,Computers,
COM006000,COMPUTERS / Buyer's Guides,Computers,
COM007000,"COMPUTERS / Design, Graphics & Media / CAD-CAM",Computers,
COM010000,COMPUTERS / Programming / Compilers,Programming,
COM011000,COMPUTERS / Computer Architecture,Computers,
COM012000,COMPUTERS / Software Development & Engineering / Computer Graphics,Computers,
COM012040,COMPUTERS / Programming / Games,Programming,
COM012050,COMPUTERS / Image Processing,Computers,
COM013000,COMPUTERS / Computer Literacy,Computers,
COM014000,COMPUTERS / Computer Science,Computers,
COM015000,COMPUTERS / Security / Viruses & Malware,Computers,
COM016000,COMPUTERS / Artificial Intelligence / Computer Vision & Pattern Recognition,Artificial Intelligence,
COM017000,COMPUTERS / Cybernetics,Computers,
COM018000,COMPUTERS / Data Science / General,Computers,
COM019000,COMPUTERS / System Administration / Backup & Recovery,Computers,
COM020020,COMPUTERS / System Administration / Email Servers,Computers,
COM021000,COMPUTERS / Database Administration & Management,Computers,
COM021030,COMPUTERS / Data Science / Data Analytics,Computers,
COM021040,COMPUTERS / Data Science / Data Warehousing,Computers,
COM023000,COMPUTERS / Educational Software,Computers,
COM025000,COMPUTERS / Artificial Intelligence / Expert Systems,Artificial Intelligence,
COM027000,COMPUTERS / Business & Productivity Software / Accounting & Finance,Computers,
COM030000,COMPUTERS / System Administration / Storage & Retrieval,Computers,
COM031000,COMPUTERS / Information Theory,Computers,
COM032000,COMPUTERS / Information Technology,Computers,
COM034000,COMPUTERS / Interactive & Multimedia,Computers,
COM036000,COMPUTERS / Logic Design,Computers,
COM037000,COMPUTERS / Machine Theory,Computers,
COM038000,COMPUTERS / Hardware / Mainframes & Minicomputers,Computers,
COM039000,COMPUTERS / Management Information Systems,Computers,
COM041000,COMPUTERS / Hardware / Chips & Processors,Computers,
COM042000,COMPUTERS / Artificial Intelligence / Natural Language Processing,Artificial Intelligence,
COM043000,COMPUTERS / Networking / General,Computers,
COM043020,COMPUTERS / Networking / Local Area Networks (LANs),Computers,
COM043040,COMPUTERS / Networking / Network Protocols,Computers,
COM043050,COMPUTERS / Security / Network Security,Computers,
COM044000,COMPUTERS / Data Science / Neural Networks,Computers,
COM046000,COMPUTERS / Operating Systems / General,Computers,
COM046020,COMPUTERS / Operating Systems / Mac OS,Computers,
COM046030,COMPUTERS / Operating Systems / UNIX,Computers,
COM046040,COMPUTERS / Operating Systems / Windows Desktop,Computers,
COM046050,COMPUTERS / Operating Systems / Windows Server,Computers,
COM046070,COMPUTERS / Operating Systems / Linux,Computers,
COM046080,COMPUTERS / Operating Systems / Mainframe & Midrange,Computers,
COM046090,COMPUTERS / System Administration / Virtualization & Containerization,Computers,
COM046100,COMPUTERS / Operating Systems / Android,Computers,
COM046110,COMPUTERS / Operating Systems / iOS,Computers,
COM047000,COMPUTERS / Optical Data Processing,Computers,
COM048000,COMPUTERS / Distributed Systems / General,Computers,
COM049000,"COMPUTERS / Hardware / Printers, Scanners & External Accessories",Computers,
COM050000,COMPUTERS / Hardware / Personal Computers / General,Computers,
COM050010,COMPUTERS / Hardware / Personal Computers / PCs,Computers,
COM050020,COMPUTERS / Hardware / Personal Computers / Macintosh,Computers,
COM051000,COMPUTERS / Programming / General,Programming,
COM051010,COMPUTERS / Languages / General,Programming,
COM051040,COMPUTERS / Languages / Assembly Language,Programming,
COM051060,COMPUTERS / Languages / C,Programming,
COM051070,COMPUTERS / Languages / C++,Programming,
COM051170,COMPUTERS / Languages / SQL,Programming,
COM051200,COMPUTERS / Languages / Visual BASIC,Programming,
COM051210,COMPUTERS / Programming / Object Oriented,Programming,
COM051220,COMPUTERS / Programming / Parallel,Programming,
COM051230,COMPUTERS / Software Development & Engineering / General,Computers,
COM051240,COMPUTERS / Software Development & Engineering / Systems Analysis & Design,Computers,
COM051260,COMPUTERS / Languages / JavaScript,Programming,
COM051270,COMPUTERS / Languages / HTML,Programming,
COM051280,COMPUTERS / Languages / Java,Programming,
COM051300,COMPUTERS / Programming / Algorithms,Programming,
COM051310,COMPUTERS / Languages / C#,Programming,
COM051320,COMPUTERS / Languages / XML,Programming,
COM051330,COMPUTERS / Software Development & Engineering / Quality Assurance & Testing,Computers,
COM051350,COMPUTERS / Languages / Perl,Programming,
COM051360,COMPUTERS / Languages / Python,Programming,
COM051370,COMPUTERS / Programming / Macintosh,Programming,
COM051380,COMPUTERS / Programming / Microsoft,Programming,
COM051390,COMPUTERS / Programming / Open Source,Programming,
COM051400,COMPUTERS / Languages / PHP,Programming,
COM051410,COMPUTERS / Languages / Ruby,Programming,
COM051430,COMPUTERS / Software Development & Engineering / Project Management,Computers,
COM051440,COMPUTERS / Software Development & Engineering / Tools,Computers,
COM051450,COMPUTERS / Languages / UML,Programming,
COM051460,COMPUTERS / Programming / Mobile Devices,Programming,
COM051470,COMPUTERS / Languages / .NET,Programming,
COM051480,COMPUTERS / Languages / JSON,Computers,
COM052000,COMPUTERS / Reference,Computers,
COM053000,COMPUTERS / Security / General,Computers,
COM054000,COMPUTERS / Business & Productivity Software / Spreadsheets,Computers,
COM055000,COMPUTERS / Certification Guides / General,Computers,
COM055010,COMPUTERS / Certification Guides / CompTIA (incl. A+),Computers,
COM055020,COMPUTERS / Certification Guides / Microsoft,Computers,
COM055030,COMPUTERS / Certification Guides / Cisco,Computers,
COM055040,COMPUTERS / Certification Guides / Oracle,Computers,
COM057000,COMPUTERS / Virtual & Augmented Reality,Computers,
COM058000,COMPUTERS / Business & Productivity Software / Word Processing,Computers,
COM059000,COMPUTERS / Computer Engineering,Computers,
COM060000,COMPUTERS / Internet / General,Internet,
COM060010,COMPUTERS / Internet / Web Browsers,Internet,
COM060030,COMPUTERS / Networking / Intranets & Extranets,Computers,
COM060040,COMPUTERS / Internet / Online Safety & Privacy,Internet,
COM060100,COMPUTERS / Internet / Blogging,Internet,
COM060110,COMPUTERS / Internet / Podcasting & Webcasting,Internet,
COM060120,COMPUTERS / Internet / Search Engines,Internet,
COM060130,COMPUTERS / Internet / Web Design,Internet,
COM060140,COMPUTERS / Internet / Social Media,Internet,
COM060150,COMPUTERS / Internet / User-Generated Content,Internet,
COM060160,COMPUTERS / Internet / Web Programming,Internet,
COM060170,COMPUTERS / Internet / Content Management Systems,Internet,
COM060180,COMPUTERS / Internet / Web Services & APIs,Internet,
COM061000,COMPUTERS / Distributed Systems / Client-Server Computing,Computers,
COM062000,COMPUTERS / Data Science / Data Modeling & Design,Computers,
COM063000,COMPUTERS / Document Management,Computers,
COM064000,COMPUTERS / Electronic Commerce (see also headings under BUSINESS & ECONOMICS / E-Commerce),Computers,
COM066000,COMPUTERS / Business & Productivity Software / Collaboration,Computers,
COM067000,COMPUTERS / Hardware / General,Computers,
COM070000,COMPUTERS / User Interfaces,Computers,
COM071000,"COMPUTERS / Design, Graphics & Media / Video & Animation",Computers,
COM072000,COMPUTERS / Computer Simulation,Computers,
COM073000,COMPUTERS / Speech & Audio Processing,Computers,
COM074000,COMPUTERS / Hardware / Cell Phones & Devices,Computers,
COM075000,COMPUTERS / Networking / Hardware,Computers,
COM077000,COMPUTERS / Mathematical & Statistical Software,Computers,
COM078000,COMPUTERS / Business & Productivity Software / Presentations,Computers,
COM079000,COMPUTERS / Social Aspects,Computers,
COM079010,COMPUTERS / Human-Computer Interaction (HCI),Computers,
COM080000,COMPUTERS / History,Computers,
COM081000,COMPUTERS / Business & Productivity Software / Project Management Tools,Computers,
COM083000,COMPUTERS / Security / Cryptography & Encryption,Computers,
COM084010,COMPUTERS / Business & Productivity Software / Databases,Computers,
COM084020,COMPUTERS / Business & Productivity Software / Email Clients,Computers,
COM084030,COMPUTERS / Business & Productivity Software / Office Suites,Computers,
COM085000,COMPUTERS / Documentation & Technical Writing,Computers,
COM087000,"COMPUTERS / Design, Graphics & Media / General",Computers,
COM087010,"COMPUTERS / Design, Graphics & Media / Audio",Computers,
COM087020,"COMPUTERS / Design, Graphics & Media / Graphics Tools",Computers,
COM087030,"COMPUTERS / Design, Graphics & Media / Photography (see also PHOTOGRAPHY / Techniques / Digital)",Computers,
COM088000,COMPUTERS / System Administration / General,Computers,
COM088010,COMPUTERS / System Administration / Linux & UNIX Administration,Computers,
COM088020,COMPUTERS / System Administration / Windows Administration,Computers,
COM089000,COMPUTERS / Data Science / Data Visualization,Computers,
COM090000,COMPUTERS / Hardware / Tablets,Computers,
COM091000,COMPUTERS / Distributed Systems / Cloud Computing,Computers,
COM092000,COMPUTERS / Embedded Computer Systems,Computers,
COM093000,COMPUTERS / Blockchain,Computers,
COM094000,COMPUTERS / Data Science / Machine Learning,Computers,
COM095000,COMPUTERS / Internet of Things (IoT),Computers,
COM096000,COMPUTERS / Parallel Processing,Computers,
COM097000,COMPUTERS / Quantum Computing,Computers,
COM098000,COMPUTERS / Voice Search & Digital Assistants,Computers,
COM099000,COMPUTERS / Forensics,Computers,
COM100000,COMPUTERS / Artificial Intelligence / Generative AI,Artificial Intelligence,
CRA000000,CRAFTS & HOBBIES / General,Crafts & Hobbies,
CRA001000,CRAFTS & HOBBIES / Applique,Crafts & Hobbies,
CRA002000,CRAFTS & HOBBIES / Baskets,Crafts & Hobbies,
CRA003000,CRAFTS & HOBBIES / Carving,Crafts & Hobbies,
CRA004000,CRAFTS & HOBBIES / Needlework / Crocheting,Crafts & Hobbies,
CRA005000,CRAFTS & HOBBIES / Decorating,Crafts & Hobbies,
CRA006000,CRAFTS & HOBBIES / Dough,Crafts & Hobbies,
CRA007000,CRAFTS & HOBBIES / Dye,Crafts & Hobbies,
CRA008000,CRAFTS & HOBBIES / Needlework / Embroidery,Crafts & Hobbies,
CRA009000,CRAFTS & HOBBIES / Fashion,Crafts & Hobbies,
CRA010000,CRAFTS & HOBBIES / Flower Arranging,Crafts & Hobbies,
CRA011000,CRAFTS & HOBBIES / Framing,Crafts & Hobbies,
CRA012000,CRAFTS & HOBBIES / Glass & Glassware,Crafts & Hobbies,
CRA014000,CRAFTS & HOBBIES / Jewelry,Crafts & Hobbies,
CRA015000,CRAFTS & HOBBIES / Needlework / Knitting,Crafts & Hobbies,
CRA016000,CRAFTS & HOBBIES / Needlework / Lace & Tatting,Crafts & Hobbies,
CRA017000,CRAFTS & HOBBIES / Metal Work,Crafts & Hobbies,
CRA018000,CRAFTS & HOBBIES / Miniatures,Crafts & Hobbies,
CRA020000,CRAFTS & HOBBIES / Models,Crafts & Hobbies,
CRA021000,CRAFTS & HOBBIES / Needlework / Needlepoint,Crafts & Hobbies,
CRA022000,CRAFTS & HOBBIES / Needlework / General,Crafts & Hobbies,
CRA023000,CRAFTS & HOBBIES / Origami,Crafts & Hobbies,
CRA024000,CRAFTS & HOBBIES / Painting,Crafts & Hobbies,
CRA025000,CRAFTS & HOBBIES / Papercrafts,Crafts & Hobbies,
CRA026000,CRAFTS & HOBBIES / Patchwork,Crafts & Hobbies,
CRA027000,CRAFTS & HOBBIES / Potpourri & Fragrances,Crafts & Hobbies,
CRA028000,CRAFTS & HOBBIES / Pottery & Ceramics,Crafts & Hobbies,
CRA029000,CRAFTS & HOBBIES / Printmaking & Stamping,Crafts & Hobbies,
CRA030000,CRAFTS & HOBBIES / Puppets & Puppetry,Crafts & Hobbies,
CRA031000,CRAFTS & HOBBIES / Quilts & Quilting,Crafts & Hobbies,
CRA032000,CRAFTS & HOBBIES / Reference,Crafts & Hobbies,
CRA033000,CRAFTS & HOBBIES / Rugs,Crafts & Hobbies,
CRA034000,CRAFTS & HOBBIES / Holiday & Seasonal,Crafts & Hobbies,
CRA035000,CRAFTS & HOBBIES / Sewing,Crafts & Hobbies,
CRA036000,CRAFTS & HOBBIES / Stenciling,Crafts & Hobbies,
CRA037000,CRAFTS & HOBBIES / Stuffed Animals,Crafts & Hobbies,
CRA039000,CRAFTS & HOBBIES / Toymaking,Crafts & Hobbies,
CRA040000,CRAFTS & HOBBIES / Weaving & Spinning,Crafts & Hobbies,
CRA041000,CRAFTS & HOBBIES / Wood Toys,Crafts & Hobbies,
CRA042000,CRAFTS & HOBBIES / Woodwork,Crafts & Hobbies,
CRA043000,CRAFTS & HOBBIES / Crafts for Children,Crafts & Hobbies,
CRA044000,CRAFTS & HOBBIES / Needlework / Cross-Stitch,Crafts & Hobbies,
CRA045000,CRAFTS & HOBBIES / Model Railroading,Crafts & Hobbies,
CRA046000,CRAFTS & HOBBIES / Book Printing & Binding,Crafts & Hobbies,
CRA047000,CRAFTS & HOBBIES / Folkcrafts,Crafts & Hobbies,
CRA048000,CRAFTS & HOBBIES / Beadwork,Crafts & Hobbies,
CRA049000,CRAFTS & HOBBIES / Candle Making,Crafts & Hobbies,
CRA050000,CRAFTS & HOBBIES / Leatherwork,Crafts & Hobbies,
CRA051000,CRAFTS & HOBBIES / Polymer Clay,Crafts & Hobbies,
CRA052000,CRAFTS & HOBBIES / Scrapbooking,Crafts & Hobbies,
CRA053000,CRAFTS & HOBBIES / Nature Crafts,Crafts & Hobbies,
CRA054000,CRAFTS & HOBBIES / Mixed Media,Crafts & Hobbies,
CRA055000,"CRAFTS & HOBBIES / Knots, Macrame & Rope Work",Crafts & Hobbies,
CRA056000,CRAFTS & HOBBIES / Dollhouses,Crafts & Hobbies,
CRA057000,CRAFTS & HOBBIES / Dolls & Doll Clothing,Crafts & Hobbies,
CRA058000,CRAFTS & HOBBIES / Ribbon Work,Crafts & Hobbies,
CRA059000,CRAFTS & HOBBIES / Wirework,Crafts & Hobbies,
CRA060000,CRAFTS & HOBBIES / Felting,Crafts & Hobbies,
CRA061000,CRAFTS & HOBBIES / Fiber Arts & Textiles,Crafts & Hobbies,
CRA062000,CRAFTS & HOBBIES / Furniture & Cabinetry,Crafts & Hobbies,
CRA063000,CRAFTS & HOBBIES / Upcycling & Repurposing,Crafts & Hobbies,
CRA064000,CRAFTS & HOBBIES / Soap Making,Crafts & Hobbies,
CRA065000,CRAFTS & HOBBIES / Taxidermy,Crafts & Hobbies,
CRA066000,CRAFTS & HOBBIES / Cosplay,Crafts & Hobbies,
CRA067000,CRAFTS & HOBBIES / Tape Crafts,Crafts & Hobbies,
DES000000,DESIGN / General,Design,
DES001000,DESIGN / Book,Design,
DES002000,DESIGN / Clip Art,Design,
DES003000,DESIGN / Decorative Arts,Design,
DES004000,DESIGN / Essays,Design,
DES005000,DESIGN / Fashion & Accessories,Fashion,
DES006000,DESIGN / Furniture,Design,
DES007000,DESIGN / Graphic Arts / General,Design,
DES007010,DESIGN / Graphic Arts / Advertising,Design,
DES007020,DESIGN / Graphic Arts / Branding & Logo Design,Design,
DES007030,DESIGN / Graphic Arts / Commercial & Corporate,Design,
DES007040,DESIGN / Graphic Arts / Illustration,Design,
DES007050,DESIGN / Graphic Arts / Typography,Design,
DES008000,DESIGN / History & Criticism,Design,
DES009000,DESIGN / Industrial,Design,
DES011000,DESIGN / Product,Design,
DES012000,DESIGN / Reference,Design,
DES013000,DESIGN / Textile & Costume,Design,
DES014000,DESIGN / Jewelry,Design,
DES015000,DESIGN / Individual Designers,Design,
DES016000,DESIGN / Games,Design,
DRA000000,DRAMA / General,,Drama
DRA001000,DRAMA / American,,Drama
DRA001010,DRAMA / African American & Black,,Drama
DRA001020,DRAMA / Asian American & Pacific Islander,,Drama
DRA001030,DRAMA / Hispanic & Latino,,Drama
DRA002000,DRAMA / Anthologies (multiple authors),,Drama
DRA003000,"DRAMA / European / English, Irish, Scottish, Welsh",,Drama
DRA004000,DRAMA / European / General,,Drama
DRA004010,DRAMA / European / French,,Drama
DRA004020,DRAMA / European / German,,Drama
DRA004030,DRAMA / European / Italian,,Drama
DRA004040,DRAMA / European / Spanish & Portuguese,,Drama
DRA004050,DRAMA / European / Eastern,,Drama
DRA005000,DRAMA / Asian / General,,Drama
DRA005010,DRAMA / Asian / Japanese,,Drama
DRA005020,DRAMA / Asian / Indian & South Asian,,Drama
DRA006000,DRAMA / Ancient & Classical,,Drama
DRA008000,DRAMA / Type / Religious & Liturgical,,Drama
DRA010000,DRAMA / Shakespeare,,Drama
DRA011000,DRAMA / African,,Drama
DRA012000,DRAMA / Australian & Oceanian,,Drama
DRA013000,DRAMA / Canadian,,Drama
DRA014000,DRAMA / Caribbean & Latin American,,Drama
DRA015000,DRAMA / Middle Eastern,,Drama
DRA016000,DRAMA / Russian & Soviet,,Drama
DRA017000,DRAMA / LGBTQ+,,Drama
DRA018000,DRAMA / Medieval,,Drama
DRA019000,DRAMA / Women Authors,,Drama
DRA020000,DRAMA / Indigenous,,Drama
DRA021000,DRAMA / Contemporary,,Drama
DRA022000,DRAMA / Indigenous Peoples of Turtle Island,,Drama
DRA023000,DRAMA / Native American,,Drama
DRA024000,DRAMA / Type / Comedy,,Drama
DRA025000,DRAMA / Type / Historical,,Drama
DRA026000,DRAMA / Type / Tragedy,,Drama
DRA027000,DRAMA / Type / Tragicomedy,,Drama
DRA028000,DRAMA / Jewish,,Drama
DRA029000,DRAMA / Adaptations,,Drama
DRA030000,DRAMA / Avant Garde & Experimental,,Drama
DRA031000,DRAMA / Devised Theatre & Collective Creation,,Drama
DRA032000,DRAMA / Disability Theater,,Drama
DRA033000,DRAMA / Interactive & Participatory Theater,,Drama
DRA034000,DRAMA / Monologues & Scenes,,Drama
DRA035000,DRAMA / One Act,,Drama
DRA036000,DRAMA / Puppets & Puppetry,,Drama
DRA037000,DRAMA / Solo Shows,,Drama
DRA038000,DRAMA / Subjects & Themes / General,,Drama
DRA038010,DRAMA / Subjects & Themes / Adolescence & Coming of Age,,Drama
DRA038020,DRAMA / Subjects & Themes / Biography & Autobiography,,Drama
DRA038030,"DRAMA / Subjects & Themes / Death, Grief, Loss",,Drama
DRA038040,DRAMA / Subjects & Themes / Diversity & Multicultural,,Drama
DRA038050,DRAMA / Subjects & Themes / Immigration & Emigration,,Drama
DRA038060,DRAMA / Subjects & Themes / Environment,,Drama
DRA038070,DRAMA / Subjects & Themes / Family,,Drama
DRA038080,DRAMA / Subjects & Themes / Feminist,,Drama
DRA038090,DRAMA / Subjects & Themes / Horror,,Drama
DRA038100,DRAMA / Subjects & Themes / Places,,Drama
DRA038110,DRAMA / Subjects & Themes / Political & Protest,,Drama
DRA038120,DRAMA / Subjects & Themes / Romance & Erotica,,Drama
DRA038130,DRAMA / Subjects & Themes / Science,,Drama
DRA038140,DRAMA / Subjects & Themes / Small Town & Rural,,Drama
DRA038150,DRAMA / Subjects & Themes / War,,Drama
DRA039000,DRAMA / Theater for Young Audiences,,Drama
DRA040000,DRAMA / Type / Musicals,,Drama
DRA041000,DRAMA / Verbatim Theater,,Drama
EDU000000,EDUCATION / General,Education,
EDU001000,EDUCATION / Administration / General,Education,
EDU001010,EDUCATION / Administration / Facility Management,Education,
EDU001020,EDUCATION / Administration / Elementary & Secondary,Education,
EDU001030,EDUCATION / Administration / Higher,Education,
EDU001040,EDUCATION / Administration / School Superintendents & Principals,Education,
EDU002000,EDUCATION / Adult & Continuing Education,Education,
EDU003000,EDUCATION / Aims & Objectives,Education,
EDU005000,EDUCATION / Bilingual Education,Education,
EDU006000,EDUCATION / Counseling / General,Education,
EDU007000,EDUCATION / Curricula,Education,
EDU008000,EDUCATION / Decision-Making & Problem Solving,Education,
EDU009000,EDUCATION / Educational Psychology,Education,
EDU010000,EDUCATION / Schools / Levels / Elementary,Education,
EDU011000,EDUCATION / Evaluation & Assessment,Education,
EDU013000,EDUCATION / Finance,Education,
EDU014000,EDUCATION / Counseling / Academic Development,Education,
EDU015000,EDUCATION / Schools / Levels / Higher,Education,
EDU016000,EDUCATION / History,Education,
EDU017000,EDUCATION / Home Schooling,Education,
EDU018000,EDUCATION / Language Experience Approach,Education,
EDU020000,EDUCATION / Multicultural Education,Education,
EDU021000,EDUCATION / Non-Formal Education,Education,
EDU022000,EDUCATION / Parent Participation,Education,
EDU023000,EDUCATION / Schools / Levels / Early Childhood (incl. Preschool & Kindergarten),Education,
EDU024000,EDUCATION / Reference,Education,
EDU025000,EDUCATION / Schools / Levels / Secondary,Education,
EDU026000,EDUCATION / Special Education / General,Education,
EDU026010,EDUCATION / Special Education / Communicative Disorders,Education,
EDU026020,EDUCATION / Special Education / Learning Disabilities,Education,
EDU026030,EDUCATION / Special Education / Developmental & Intellectual Disabilities,Education,
EDU026040,EDUCATION / Special Education / Physical Disabilities,Education,
EDU026050,"EDUCATION / Special Education / Behavioral, Emotional & Social Disabilities",Education,
EDU026060,EDUCATION / Special Education / Gifted,Education,
EDU027000,EDUCATION / Statistics,Education,
EDU029000,EDUCATION / Teaching / General,Education,
EDU029010,EDUCATION / Teaching / Subjects / Mathematics,Education,
EDU029020,EDUCATION / Teaching / Subjects / Reading & Phonics,Education,
EDU029030,EDUCATION / Teaching / Subjects / Science & Technology,Education,
EDU029040,EDUCATION / Teaching / Subjects / Social Science,Education,
EDU029050,EDUCATION / Teaching / Subjects / Arts & Humanities,Education,
EDU029060,EDUCATION / Teaching / Subjects / Library Skills & Information Literacy,Education,
EDU029070,EDUCATION / Teaching / Subjects / Health & Sexuality,Education,
EDU029080,EDUCATION / Teaching / Subjects / Language Arts,Education,
EDU029090,EDUCATION / Teaching / Materials & Devices,Education,
EDU029100,EDUCATION / Teaching / Methods & Strategies / General,Education,
EDU029110,EDUCATION / Teaching / Subjects / General,Education,
EDU030000,EDUCATION / Testing & Measurement,Education,
EDU031000,EDUCATION / Counseling / Career Development,Education,
EDU032000,EDUCATION / Leadership,Education,
EDU033000,EDUCATION / Teaching / Subjects / Physical Education,Education,
EDU034000,EDUCATION / Educational Policy & Reform / General,Education,
EDU034010,EDUCATION / Educational Policy & Reform / School Safety,Education,
EDU034020,EDUCATION / Schools / Types / Charter,Education,
EDU034030,EDUCATION / Educational Policy & Reform / Federal Legislation,Education,
EDU036000,EDUCATION / Organizations & Institutions,Education,
EDU037000,EDUCATION / Research,Education,
EDU038000,EDUCATION / Student Life & Student Affairs,Education,
EDU039000,EDUCATION / Computers & Technology,Education,
EDU040000,"EDUCATION / Philosophy, Theory & Social Aspects",Education,
EDU041000,"EDUCATION / Distance, Open & Online Education",Education,
EDU042000,EDUCATION / Essays,Education,
EDU043000,EDUCATION / Comparative,Education,
EDU044000,EDUCATION / Classroom Management,Education,
EDU045000,EDUCATION / Counseling / Crisis Management,Education,
EDU046000,EDUCATION / Professional Development,Education,
EDU048000,EDUCATION / Inclusive Education,Education,
EDU049000,EDUCATION / Behavioral Management,Education,
EDU050000,EDUCATION / Teaching / Methods & Strategies / Collaborative & Team Teaching,Education,
EDU051000,EDUCATION / Learning Styles,Education,
EDU052000,EDUCATION / Rural,Education,
EDU053000,EDUCATION / Teacher Training & Certification,Education,
EDU054000,EDUCATION / Urban,Education,
EDU055000,EDUCATION / Violence & Harassment,Education,
EDU056000,EDUCATION / Vocational & Technical,Education,
EDU057000,EDUCATION / Arts in Education,Education,
EDU058000,EDUCATION / Standards (incl. Common Core),Education,
EDU059000,EDUCATION / Teacher & Student Mentoring,Education,
EDU060000,EDUCATION / Schools / General,Education,
EDU060010,EDUCATION / Schools / Levels / General,Education,
EDU060020,EDUCATION / Schools / Types / General,Education,
EDU060030,EDUCATION / Schools / Types / Private,Education,
EDU060040,EDUCATION / Schools / Types / Public,Education,
EDU060050,EDUCATION / Schools / Types / Religious,Education,
EDU060060,EDUCATION / Schools / Types / Historically Black Colleges & Universities (HBCUs),Education,
EDU061000,EDUCATION / Virtual & Hybrid,Education,
EDU062000,EDUCATION / Cultural Pedagogies,Education,
EDU063000,EDUCATION / Extracurricular Activities,Education,
EDU064000,EDUCATION / Teaching / Methods & Strategies / Lesson Plans,Education,
EDU065000,EDUCATION / Teaching / Methods & Strategies / Project-Based Learning,Education,
FAM000000,FAMILY & RELATIONSHIPS / General,Parenting & Family,
FAM001000,FAMILY & RELATIONSHIPS / Abuse / General,Parenting & Family,
FAM001010,FAMILY & RELATIONSHIPS / Abuse / Child Abuse,Parenting & Family,
FAM001020,FAMILY & RELATIONSHIPS / Abuse / Elder Abuse,Parenting & Family,
FAM001030,FAMILY & RELATIONSHIPS / Abuse / Domestic Partner Abuse,Parenting & Family,
FAM002000,FAMILY & RELATIONSHIPS / Activities,Parenting & Family,
FAM003000,FAMILY & RELATIONSHIPS / Life Stages / Adolescence,Parenting & Family,
FAM004000,FAMILY & RELATIONSHIPS / Adoption & Fostering,Parenting & Family,
FAM005000,FAMILY & RELATIONSHIPS / Life Stages / Later Years,Parenting & Family,
FAM006000,FAMILY & RELATIONSHIPS / Alternative Family,Parenting & Family,
FAM007000,FAMILY & RELATIONSHIPS / Anger (see also SELF-HELP / Self-Management / Anger Management),Parenting & Family,
FAM008000,FAMILY & RELATIONSHIPS / Baby Names,Parenting & Family,
FAM012000,FAMILY & RELATIONSHIPS / Children with Special Needs,Parenting & Family,
FAM013000,FAMILY & RELATIONSHIPS / Conflict Resolution,Parenting & Family,
FAM014000,"FAMILY & RELATIONSHIPS / Death, Grief, Bereavement",Parenting & Family,
FAM015000,FAMILY & RELATIONSHIPS / Divorce & Separation,Parenting & Family,
FAM016000,FAMILY & RELATIONSHIPS / Education,Parenting & Family,
FAM017000,FAMILY & RELATIONSHIPS / Eldercare,Parenting & Family,
FAM020000,FAMILY & RELATIONSHIPS / Parenting / Fatherhood,Parenting & Family,
FAM021000,FAMILY & RELATIONSHIPS / Friendship,Parenting & Family,
FAM022000,FAMILY & RELATIONSHIPS / Parenting / Grandparenting,Parenting & Family,
FAM025000,FAMILY & RELATIONSHIPS / Life Stages / Infants & Toddlers,Parenting & Family,
FAM028000,FAMILY & RELATIONSHIPS / Learning Disabilities,Parenting & Family,
FAM029000,FAMILY & RELATIONSHIPS / Love & Romance,Parenting & Family,
FAM030000,FAMILY & RELATIONSHIPS / Marriage & Long-Term Relationships,Parenting & Family,
FAM032000,FAMILY & RELATIONSHIPS / Parenting / Motherhood,Parenting & Family,
FAM033000,FAMILY & RELATIONSHIPS / Parenting / Parent & Adult Child,Parenting & Family,
FAM034000,FAMILY & RELATIONSHIPS / Parenting / General,Parenting & Family,
FAM034010,FAMILY & RELATIONSHIPS / Parenting / Single Parent,Parenting & Family,
FAM034020,FAMILY & RELATIONSHIPS / Parenting / Co-Parenting,Parenting & Family,
FAM035000,FAMILY & RELATIONSHIPS / Peer Pressure,Parenting & Family,
FAM037000,FAMILY & RELATIONSHIPS / Prejudice,Parenting & Family,
FAM038000,FAMILY & RELATIONSHIPS / Reference,Parenting & Family,
FAM039000,FAMILY & RELATIONSHIPS / Life Stages / School Age,Parenting & Family,
FAM041000,FAMILY & RELATIONSHIPS / Siblings,Parenting & Family,
FAM042000,FAMILY & RELATIONSHIPS / Parenting / Stepparenting,Parenting & Family,
FAM043000,FAMILY & RELATIONSHIPS / Life Stages / Teenagers,Parenting & Family,
FAM044000,FAMILY & RELATIONSHIPS / Toilet Training,Parenting & Family,
FAM046000,FAMILY & RELATIONSHIPS / Life Stages / General,Parenting & Family,
FAM047000,FAMILY & RELATIONSHIPS / Attention Deficit Disorder (ADD-ADHD),Parenting & Family,
FAM048000,FAMILY & RELATIONSHIPS / Autism Spectrum Disorders,Parenting & Family,
FAM049000,FAMILY & RELATIONSHIPS / Bullying,Parenting & Family,
FAM050000,"FAMILY & RELATIONSHIPS / Babysitting, Day Care & Child Care",Parenting & Family,
FAM051000,FAMILY & RELATIONSHIPS / Dating,Parenting & Family,
FAM052000,FAMILY & RELATIONSHIPS / Dysfunctional Families,Parenting & Family,
FAM053000,FAMILY & RELATIONSHIPS / Extended Family,Parenting & Family,
FAM054000,FAMILY & RELATIONSHIPS / Life Stages / Mid-Life,Parenting & Family,
FAM055000,FAMILY & RELATIONSHIPS / Military Families,Parenting & Family,
FAM056000,FAMILY & RELATIONSHIPS / LGBTQ+,Parenting & Family,
FAM057000,FAMILY & RELATIONSHIPS / Multicultural & Multiracial Families,Parenting & Family,
FAM058000,FAMILY & RELATIONSHIPS / Family History & Genealogy (see also REFERENCE / Genealogy & Heraldry),Parenting & Family,
FAM059000,FAMILY & RELATIONSHIPS / Miscarriage & Baby Loss,Parenting & Family,
FAM060000,FAMILY & RELATIONSHIPS / Chosen Family,Parenting & Family,
FAM061000,FAMILY & RELATIONSHIPS / Indigenous Families,Parenting & Family,
FAM062000,FAMILY & RELATIONSHIPS / African American & Black Families,Parenting & Family,
FAM063000,FAMILY & RELATIONSHIPS / Asian American & Pacific Islander Families,Parenting & Family,
FAM064000,FAMILY & RELATIONSHIPS / Hispanic & Latino Families,Parenting & Family,
FAM065000,FAMILY & RELATIONSHIPS / Neurodiversity,Parenting & Family,
FIC000000,FICTION / General,,General Fiction
FIC002000,FICTION / Action & Adventure,,Adventure
FIC003000,FICTION / Anthologies (multiple authors),,Short Stories
FIC004000,FICTION / Classics,,Classics
FIC005000,FICTION / Erotica / General,,Erotica
FIC005010,FICTION / Erotica / BDSM,,Erotica
FIC005020,FICTION / Erotica / Collections & Anthologies,,Erotica
FIC005030,FICTION / Erotica / LGBTQ+ / Gay,,Erotica
FIC005040,FICTION / Erotica / LGBTQ+ / Lesbian,,Erotica
FIC005050,"FICTION / Erotica / Science Fiction, Fantasy & Horror",,Erotica
FIC005060,FICTION / Erotica / Historical,,Erotica
FIC005070,FICTION / Erotica / LGBTQ+ / General,,Erotica
FIC005080,FICTION / Erotica / LGBTQ+ / Bisexual,,Erotica
FIC005090,FICTION / Erotica / LGBTQ+ / Transgender,,Erotica
FIC005100,FICTION / Erotica / LGBTQ+ / Two-Spirited & Indigiqueer,,Erotica
FIC005110,FICTION / Erotica / LGBTQ+ / Nonbinary & Genderqueer,,Erotica
FIC006000,FICTION / Thrillers / Espionage,,Suspense/Thriller
FIC008000,FICTION / Sagas,,Historical Fiction
FIC009000,FICTION / Fantasy / General,,Fantasy
FIC009010,FICTION / Fantasy / Contemporary,,Fantasy
FIC009020,FICTION / Fantasy / Epic,,Epic Fantasy
FIC009030,FICTION / Fantasy / Historical,,Historical Fantasy
FIC009040,FICTION / Fantasy / Collections & Anthologies,,Short Stories
FIC009050,FICTION / Fantasy / Paranormal,,Fantasy
FIC009060,FICTION / Fantasy / Urban,,Fantasy
FIC009070,FICTION / Fantasy / Dark Fantasy,,Fantasy
FIC009080,FICTION / Fantasy / Humorous,,Fantasy
FIC009090,FICTION / Fantasy / Romance,,Romantasy
FIC009100,FICTION / Fantasy / Action & Adventure,,Fantasy
FIC009110,FICTION / Fantasy / Arthurian,,Fantasy
FIC009120,FICTION / Fantasy / Dragons & Mythical Creatures,,Fantasy
FIC009130,FICTION / Fantasy / Gaslamp,,Fantasy
FIC009140,FICTION / Fantasy / Military,,Fantasy
FIC009150,FICTION / Indigenous / Fantasy,,Fantasy
FIC009160,FICTION / Fantasy / Cozy,,Fantasy
FIC010000,"FICTION / Fairy Tales, Folk Tales, Legends & Mythology",,Stories & Myths
FIC011000,FICTION / LGBTQ+ / Gay,,LGBTQ Fiction
FIC012000,FICTION / Ghost,,Horror
FIC014000,FICTION / Historical / General,,Historical Fiction
FIC014010,FICTION / Historical / Ancient,,Historical Fiction
FIC014020,FICTION / Historical / Medieval,,Historical Fiction
FIC014030,FICTION / Historical / Renaissance,,Historical Fiction
FIC014040,FICTION / Historical / 20th Century / World War I,,Historical Fiction
FIC014050,FICTION / Historical / 20th Century / World War II & Holocaust,,Historical Fiction
FIC014060,FICTION / Historical / 19th Century / American Civil War Era,,Historical Fiction
FIC014070,FICTION / Historical / Colonial America & Revolution,,Historical Fiction
FIC014080,FICTION / Historical / 20th Century / General,,Historical Fiction
FIC014090,FICTION / Historical / 20th Century / Post-World War II,,Historical Fiction
FIC014100,FICTION / Historical / 19th Century / General,,Historical Fiction
FIC015000,FICTION / Horror / General,,Horror
FIC015010,FICTION / Horror / Collections & Anthologies,,Horror
FIC015020,FICTION / Horror / Cosmic & Eldritch,,Horror
FIC015030,FICTION / Horror / Monsters & Creatures,,Horror
FIC015040,FICTION / Horror / Occult & Supernatural,,Horror
FIC015050,FICTION / Horror / Psychological,,Horror
FIC015060,FICTION / Horror / Slasher,,Horror
FIC016000,FICTION / Humorous / General,,Humor
FIC018000,FICTION / LGBTQ+ / Lesbian,,LGBTQ Fiction
FIC019000,FICTION / Literary,,General Fiction
FIC021000,FICTION / Media Tie-In,,General Fiction
FIC022000,FICTION / Mystery & Detective / General,,Mystery
FIC022010,FICTION / Mystery & Detective / Hard-Boiled,,Mystery
FIC022020,FICTION / Mystery & Detective / Police Procedural,,Mystery
FIC022030,FICTION / Mystery & Detective / Traditional,,Mystery
FIC022040,FICTION / Mystery & Detective / Women Sleuths,,Crime & Detective Stories
FIC022050,FICTION / Mystery & Detective / Collections & Anthologies,,Short Stories
FIC022060,FICTION / Mystery & Detective / Historical,,Historical Thriller
FIC022070,FICTION / Mystery & Detective / Cozy / General,,Cozy Crime
FIC022080,FICTION / Mystery & Detective / International Crime & Mystery,,Mystery
FIC022090,FICTION / Mystery & Detective / Private Investigators,,Crime & Detective Stories
FIC022100,FICTION / Mystery & Detective / Amateur Sleuth,,Crime & Detective Stories
FIC022110,FICTION / Mystery & Detective / Cozy / Animals,,Cozy Crime
FIC022120,FICTION / Mystery & Detective / Cozy / Crafts,,Cozy Crime
FIC022130,FICTION / Mystery & Detective / Cozy / Culinary,,Cozy Crime
FIC022140,FICTION / Mystery & Detective / Cozy / Holidays & Vacation,,Cozy Crime
FIC022150,FICTION / Mystery & Detective / Cozy / Paranormal,,Cozy Crime
FIC022160,FICTION / Mystery & Detective / Jewish,,Mystery
FIC022170,"FICTION / Mystery & Detective / Cozy / Books, Bookstores & Libraries",,Cozy Crime
FIC024000,FICTION / Occult & Supernatural,,Horror
FIC025000,FICTION / Psychological,,General Fiction
FIC026000,FICTION / Religious,,Religious Fiction
FIC027000,FICTION / Romance / General,,Romance
FIC027010,FICTION / Romance / Erotic,,Erotica
FIC027020,FICTION / Romance / Contemporary,,Contemporary Romance
FIC027030,FICTION / Romance / Fantasy,,Romantasy
FIC027040,FICTION / Gothic,,Horror
FIC027050,FICTION / Romance / Historical / General,,Historical Romance
FIC027070,FICTION / Romance / Historical / Regency & Georgian,,Historical Romance
FIC027080,FICTION / Romance / Collections & Anthologies,,Short Stories
FIC027090,FICTION / Romance / Time Travel,,Romance
FIC027100,FICTION / Romance / Western,,Romance
FIC027110,FICTION / Romance / Suspense,,Romance
FIC027120,FICTION / Romance / Paranormal / General,,Romantasy
FIC027130,FICTION / Romance / Science Fiction,,Romantasy
FIC027140,FICTION / Romance / Historical / Ancient World,,Historical Romance
FIC027150,FICTION / Romance / Historical / Medieval,,Historical Romance
FIC027160,FICTION / Romance / Historical / Scottish (incl. Highlander),,Historical Romance
FIC027170,FICTION / Romance / Historical / Victorian,,Historical Romance
FIC027180,FICTION / Romance / Historical / Viking,,Historical Romance
FIC027190,FICTION / Romance / LGBTQ+ / Gay,,LGBTQ Fiction
FIC027200,FICTION / Romance / Historical / 20th Century,,Historical Romance
FIC027210,FICTION / Romance / LGBTQ+ / Lesbian,,LGBTQ Fiction
FIC027220,FICTION / Romance / Military,,Romance
FIC027230,FICTION / Romance / Multicultural & Interracial,,Romance
FIC027240,FICTION / Romance / New Adult,,Romance
FIC027250,FICTION / Romance / Romantic Comedy,,Romance
FIC027260,FICTION / Romance / Action & Adventure,,Romance
FIC027270,FICTION / Romance / Clean & Wholesome,,Romance
FIC027280,FICTION / Romance / Historical / Tudor,,Historical Romance
FIC027290,FICTION / Romance / Holiday,,Romance
FIC027300,FICTION / Romance / LGBTQ+ / General,,LGBTQ Fiction
FIC027310,FICTION / Romance / Paranormal / Shifters,,Romantasy
FIC027320,FICTION / Romance / Paranormal / Vampires,,Romantasy
FIC027330,FICTION / Romance / Sports,,Contemporary Romance
FIC027340,FICTION / Romance / Billionaires,,Contemporary Romance
FIC027350,FICTION / Romance / Firefighters,,Contemporary Romance
FIC027360,FICTION / Romance / Historical / American,,Historical Romance
FIC027370,FICTION / Romance / Historical / Renaissance,,Historical Romance
FIC027380,FICTION / Romance / Later in Life,,Romance
FIC027390,FICTION / Romance / LGBTQ+ / Bisexual,,LGBTQ Fiction
FIC027400,FICTION / Romance / LGBTQ+ / Transgender,,LGBTQ Fiction
FIC027410,FICTION / Romance / Medical,,Romance
FIC027420,FICTION / Romance / Police & Law Enforcement,,Romance
FIC027430,FICTION / Romance / Workplace,,Contemporary Romance
FIC027440,FICTION / Romance / Paranormal / Witches,,Romantasy
FIC027450,FICTION / Romance / Royalty,,Romance
FIC027460,FICTION / Romance / Historical / Gilded Age,,Historical Romance
FIC027470,FICTION / Romance / Polyamory,,Romance
FIC027480,FICTION / Romance / Rock Stars,,Romance
FIC027490,FICTION / Romance / International,,Romance
FIC027500,FICTION / Romance / Hispanic & Latino,,Romance
FIC027510,FICTION / Romance / Indigenous,,Romance
FIC027520,FICTION / Romance / LGBTQ+ / Two-Spirited & Indigiqueer,,LGBTQ Fiction
FIC027530,FICTION / Romance / Adaptations,,Romance
FIC027540,FICTION / Romance / Alpha Male,,Romance
FIC027550,FICTION / Romance / Amish & Mennonite,,Romance
FIC027560,FICTION / Romance / Dark Romance,,Romance
FIC027570,FICTION / Romance / Enemies to Lovers,,Romance
FIC027580,FICTION / Romance / Fake Dating,,Romance
FIC027590,FICTION / Romance / Friends to Lovers,,Romance
FIC027600,FICTION / Romance / LGBTQ+ / Nonbinary & Genderqueer,,LGBTQ Fiction
FIC027610,FICTION / Romance / Love Triangle,,Romance
FIC027620,FICTION / Romance / Mafia,,Romance
FIC027630,FICTION / Romance / Motorcycle Club,,Romance
FIC027640,FICTION / Romance / Paranormal / Demons,,Romantasy
FIC027650,FICTION / Romance / Second Chances,,Romance
FIC027660,FICTION / Romance / Small Town & Rural,,Romance
FIC027670,FICTION / Romance / Asian American & Pacific Islander,,Romance
FIC027680,FICTION / Romance / Disability,,Romance
FIC027690,FICTION / Romance / Neurodiversity,,Romance
FIC027700,FICTION / Romance / Seasonal / Winter,,Romance
FIC027710,FICTION / Romance / Seasonal / Spring,,Romance
FIC027720,FICTION / Romance / Seasonal / Summer,,Romance
FIC027730,FICTION / Romance / Seasonal / Autumn,,Romance
FIC028000,FICTION / Science Fiction / General,,Science Fiction
FIC028010,FICTION / Science Fiction / Action & Adventure,,Science Fiction
FIC028020,FICTION / Science Fiction / Hard Science Fiction,,Science Fiction
FIC028030,FICTION / Science Fiction / Space Opera,,Space Opera
FIC028040,FICTION / Science Fiction / Collections & Anthologies,,Short Stories
FIC028050,FICTION / Science Fiction / Military,,Science Fiction
FIC028060,FICTION / Science Fiction / Steampunk,,Science Fiction
FIC028070,FICTION / Science Fiction / Apocalyptic & Post-Apocalyptic,,Dystopian SF
FIC028080,FICTION / Time Travel,,Science Fiction
FIC028090,FICTION / Science Fiction / Alien Contact,,Science Fiction
FIC028100,FICTION / Science Fiction / Cyberpunk,,Science Fiction
FIC028110,FICTION / Science Fiction / Genetic Engineering,,Science Fiction
FIC028120,FICTION / Science Fiction / Humorous,,Science Fiction
FIC028130,FICTION / Science Fiction / Space Exploration,,Space Opera
FIC028140,FICTION / Science Fiction / Crime & Mystery,,Science Fiction
FIC028150,"FICTION / Science Fiction / Androids, Robots & Artificial Intelligences",,Science Fiction
FIC029000,FICTION / Short Stories (single author),,Short Stories
FIC030000,FICTION / Thrillers / Suspense,,Suspense/Thriller
FIC031000,FICTION / Thrillers / General,,Suspense/Thriller
FIC031010,FICTION / Thrillers / Crime,,Suspense/Thriller
FIC031020,FICTION / Thrillers / Historical,,Historical Thriller
FIC031030,FICTION / Thrillers / Legal,,Suspense/Thriller
FIC031040,FICTION / Thrillers / Medical,,Suspense/Thriller
FIC031050,FICTION / Thrillers / Military,,Suspense/Thriller
FIC031060,FICTION / Thrillers / Political,,Suspense/Thriller
FIC031070,FICTION / Thrillers / Supernatural,,Suspense/Thriller
FIC031080,FICTION / Thrillers / Psychological,,Psychological Thriller
FIC031090,FICTION / Thrillers / Terrorism,,Suspense/Thriller
FIC031100,FICTION / Thrillers / Domestic,,Suspense/Thriller
FIC032000,FICTION / War & Military,,War Fiction
FIC033000,FICTION / Westerns,,Historical Fiction
FIC034000,FICTION / Legal,,General Fiction
FIC035000,FICTION / Medical,,General Fiction
FIC036000,FICTION / Thrillers / Technological,,Suspense/Thriller
FIC037000,FICTION / Political,,General Fiction
FIC038000,FICTION / Sports,,General Fiction
FIC039000,FICTION / Visionary & Metaphysical,,General Fiction
FIC040000,FICTION / Alternative History,,Science Fiction
FIC041000,FICTION / Biographical & Autofiction,,General Fiction
FIC042000,FICTION / Christian / General,,Religious Fiction
FIC042010,FICTION / Christian / Classic & Allegory,,Religious Fiction
FIC042020,FICTION / Christian / Futuristic,,Religious Fiction
FIC042030,FICTION / Christian / Historical,,Religious Fiction
FIC042040,FICTION / Christian / Romance / General,,Religious Fiction
FIC042050,FICTION / Christian / Collections & Anthologies,,Short Stories
FIC042060,FICTION / Christian / Suspense,,Religious Fiction
FIC042070,FICTION / Christian / Western,,Religious Fiction
FIC042080,FICTION / Christian / Fantasy,,Fantasy
FIC042090,FICTION / Christian / Biblical,,Religious Fiction
FIC042100,FICTION / Christian / Contemporary,,Religious Fiction
FIC042110,FICTION / Christian / Romance / Historical,,Religious Fiction
FIC042120,FICTION / Christian / Romance / Suspense,,Religious Fiction
FIC042130,FICTION / Christian / Women,,Religious Fiction
FIC042140,FICTION / Christian / Holiday,,Religious Fiction
FIC042150,FICTION / Christian / Urban & Street Lit,,Religious Fiction
FIC043000,FICTION / Coming of Age,,General Fiction
FIC044000,FICTION / Women,,General Fiction
FIC045000,FICTION / Family Life / General,,General Fiction
FIC045010,FICTION / Family Life / Marriage & Divorce,,General Fiction
FIC045020,FICTION / Family Life / Siblings,,General Fiction
FIC045030,FICTION / Family Life / Multigenerational,,General Fiction
FIC045040,FICTION / Family Life / Parenthood & Children,,General Fiction
FIC046000,FICTION / Jewish,,Religious Fiction
FIC047000,FICTION / Sea Stories,,Adventure
FIC048000,FICTION / Urban & Street Lit,,General Fiction
FIC049000,FICTION / African American & Black / General,,General Fiction
FIC049010,FICTION / African American & Black / Christian,,Religious Fiction
FIC049020,FICTION / African American & Black / Women,,General Fiction
FIC049030,FICTION / African American & Black / Erotica,,Erotica
FIC049040,FICTION / African American & Black / Historical,,Historical Fiction
FIC049050,FICTION / African American & Black / Mystery & Detective,,Mystery
FIC049060,FICTION / Romance / African American & Black,,Romance
FIC049070,FICTION / African American & Black / Urban & Street Lit,,General Fiction
FIC049080,FICTION / African American & Black / Afrofuturism & Africanfuturism,,General Fiction
FIC049090,FICTION / African American & Black / Family Life,,General Fiction
FIC049100,FICTION / African American & Black / Fantasy (incl. Sword & Soul),,Fantasy
FIC049110,FICTION / African American & Black / Horror,,Horror
FIC049120,FICTION / African American & Black / Inspirational,,General Fiction
FIC049130,FICTION / African American & Black / Science Fiction,,Science Fiction
FIC050000,FICTION / Crime,,Suspense/Thriller
FIC051000,FICTION / Cultural Heritage,,General Fiction
FIC052000,FICTION / Satire,,Humor
FIC053000,FICTION / Amish & Mennonite,,Religious Fiction
FIC054000,FICTION / Asian American & Pacific Islander,,General Fiction
FIC055000,FICTION / Dystopian,,Dystopian SF
FIC056000,FICTION / Hispanic & Latino / General,,General Fiction
FIC056010,FICTION / Hispanic & Latino / Christian,,Religious Fiction
FIC056020,FICTION / Hispanic & Latino / Erotica,,Erotica
FIC056030,FICTION / Hispanic & Latino / Family Life,,General Fiction
FIC056040,FICTION / Hispanic & Latino / Fantasy,,Fantasy
FIC056050,FICTION / Hispanic & Latino / Historical,,Historical Fiction
FIC056060,FICTION / Hispanic & Latino / Horror,,Horror
FIC056070,FICTION / Hispanic & Latino / Inspirational,,General Fiction
FIC056080,FICTION / Hispanic & Latino / Mystery & Detective,,Mystery
FIC056090,FICTION / Hispanic & Latino / Science Fiction,,Science Fiction
FIC056100,FICTION / Hispanic & Latino / Urban & Street Lit,,General Fiction
FIC056110,FICTION / Hispanic & Latino / Women,,General Fiction
FIC056120,"FICTION / Hispanic & Latino / Borders, Immigration & Migration",,General Fiction
FIC056130,FICTION / Hispanic & Latino / Magical Realism,,Magic Realism
FIC057000,FICTION / Mashups,,General Fiction
FIC058000,FICTION / Holidays,,General Fiction
FIC059000,FICTION / Indigenous / General (see also Indigenous Peoples of Turtle Island or Native American),,General Fiction
FIC059010,FICTION / Indigenous / City Life,,General Fiction
FIC059020,FICTION / Indigenous / Elders,,General Fiction
FIC059030,FICTION / Indigenous / Erotica,,Erotica
FIC059040,FICTION / Indigenous / Family Life,,General Fiction
FIC059050,FICTION / Indigenous / Historical,,Historical Fiction
FIC059060,FICTION / Indigenous / Horror,,Horror
FIC059070,FICTION / Indigenous / Indigenous Futurism,,Science Fiction
FIC059080,FICTION / Indigenous / Life Stories,,General Fiction
FIC059090,FICTION / Indigenous / Mystery & Detective,,Mystery
FIC059100,FICTION / Indigenous / Oral Storytelling & Teachings,,Stories & Myths
FIC059110,FICTION / Indigenous / Science Fiction,,Science Fiction
FIC059120,FICTION / Indigenous / Women,,General Fiction
FIC060000,FICTION / Humorous / Dark Humor,,Humor
FIC061000,FICTION / Magical Realism,,Magic Realism
FIC062000,FICTION / Noir,,General Fiction
FIC063000,FICTION / Superheroes (see also COMICS & GRAPHIC NOVELS / Superheroes),,Magic Realism
FIC064000,FICTION / Absurdist,,General Fiction
FIC065000,"FICTION / Epistolary (Letters, Diaries, etc.)",,General Fiction
FIC066000,FICTION / Small Town & Rural,,General Fiction
FIC067000,FICTION / Animals,,General Fiction
FIC068000,FICTION / LGBTQ+ / General,,LGBTQ Fiction
FIC069000,FICTION / City Life,,General Fiction
FIC070000,FICTION / Disaster,,General Fiction
FIC071000,FICTION / Friendship,,General Fiction
FIC072000,FICTION / LGBTQ+ / Bisexual,,LGBTQ Fiction
FIC073000,FICTION / LGBTQ+ / Transgender,,LGBTQ Fiction
FIC074000,FICTION / Southern,,General Fiction
FIC075000,FICTION / Adaptations & Pastiche,,General Fiction
FIC076000,FICTION / Feminist,,General Fiction
FIC077000,FICTION / Nature & the Environment,,General Fiction
FIC078000,FICTION / Buddhist,,Religious Fiction
FIC079000,FICTION / Disability,,General Fiction
FIC080000,FICTION / Multiple Timelines,,General Fiction
FIC081000,FICTION / Muslim,,Religious Fiction
FIC082000,FICTION / Own Voices,,General Fiction
FIC083000,FICTION / World Literature / Africa / General,,General Fiction
FIC083010,FICTION / World Literature / Africa / East Africa,,General Fiction
FIC083020,FICTION / World Literature / Africa / Nigeria,,General Fiction
FIC083030,FICTION / World Literature / Africa / Southern Africa,,General Fiction
FIC083040,FICTION / World Literature / Africa / West Africa,,General Fiction
FIC084000,FICTION / World Literature / American / General,,General Fiction
FIC084010,FICTION / World Literature / American / Colonial & Revolutionary Periods,,Historical Fiction
FIC084020,FICTION / World Literature / American / 19th Century,,Historical Fiction
FIC084030,FICTION / World Literature / American / 20th Century,,General Fiction
FIC084040,FICTION / World Literature / American / 21st Century,,General Fiction
FIC085000,FICTION / World Literature / Argentina,,General Fiction
FIC086000,FICTION / World Literature / Asia (General),,General Fiction
FIC087000,FICTION / World Literature / Australia,,General Fiction
FIC088000,FICTION / World Literature / Austria,,General Fiction
FIC089000,FICTION / World Literature / Brazil,,General Fiction
FIC090000,FICTION / World Literature / Canada / General,,General Fiction
FIC090010,FICTION / World Literature / Canada / Colonial & 19th Century,,Historical Fiction
FIC090020,FICTION / World Literature / Canada / 20th Century,,General Fiction
FIC090030,FICTION / World Literature / Canada / 21st Century,,General Fiction
FIC091000,FICTION / World Literature / Caribbean & West Indies,,General Fiction
FIC092000,FICTION / World Literature / Central America,,General Fiction
FIC093000,FICTION / World Literature / Chile,,General Fiction
FIC094000,FICTION / World Literature / China / General,,General Fiction
FIC094010,FICTION / World Literature / China / 19th Century,,Historical Fiction
FIC094020,FICTION / World Literature / China / 20th Century,,General Fiction
FIC094030,FICTION / World Literature / China / 21st Century,,General Fiction
FIC095000,FICTION / World Literature / Colombia,,General Fiction
FIC096000,FICTION / World Literature / Czech Republic,,General Fiction
FIC097000,FICTION / World Literature / Denmark,,General Fiction
FIC098000,FICTION / World Literature / England / General,,General Fiction
FIC098010,FICTION / World Literature / England / Early & Medieval Periods,,General Fiction
FIC098020,FICTION / World Literature / England / 16th & 17th Century,,Historical Fiction
FIC098030,FICTION / World Literature / England / 18th Century,,Historical Fiction
FIC098040,FICTION / World Literature / England / 19th Century,,Historical Fiction
FIC098050,FICTION / World Literature / England / 20th Century,,General Fiction
FIC098060,FICTION / World Literature / England / 21st Century,,General Fiction
FIC099000,FICTION / World Literature / Europe (General),,General Fiction
FIC100000,FICTION / World Literature / Finland,,General Fiction
FIC101000,FICTION / World Literature / France / General,,General Fiction
FIC101010,FICTION / World Literature / France / 18th Century,,Historical Fiction
FIC101020,FICTION / World Literature / France / 19th Century,,Historical Fiction
FIC101030,FICTION / World Literature / France / 20th Century,,General Fiction
FIC101040,FICTION / World Literature / France / 21st Century,,General Fiction
FIC102000,FICTION / World Literature / Germany / General,,General Fiction
FIC102010,FICTION / World Literature / Germany / 20th Century,,General Fiction
FIC102020,FICTION / World Literature / Germany / 21st Century,,General Fiction
FIC103000,FICTION / World Literature / Greece,,General Fiction
FIC104000,FICTION / World Literature / Hungary,,General Fiction
FIC105000,FICTION / World Literature / India / General,,General Fiction
FIC105010,FICTION / World Literature / India / 19th Century,,Historical Fiction
FIC105020,FICTION / World Literature / India / 20th Century,,General Fiction
FIC105030,FICTION / World Literature / India / 21st Century,,General Fiction
FIC106000,FICTION / World Literature / Ireland / General,,General Fiction
FIC106010,FICTION / World Literature / Ireland / 19th Century,,Historical Fiction
FIC106020,FICTION / World Literature / Ireland / 20th Century,,General Fiction
FIC106030,FICTION / World Literature / Ireland / 21st Century,,General Fiction
FIC107000,FICTION / World Literature / Italy,,General Fiction
FIC108000,FICTION / World Literature / Japan,,General Fiction
FIC109000,FICTION / World Literature / Korea,,General Fiction
FIC110000,FICTION / World Literature / Mexico,,General Fiction
FIC111000,FICTION / World Literature / Middle East / General,,General Fiction
FIC111010,FICTION / World Literature / Middle East / Arabian Peninsula,,General Fiction
FIC111020,FICTION / World Literature / Middle East / Egypt & North Africa,,General Fiction
FIC111030,FICTION / World Literature / Middle East / Israel,,General Fiction
FIC112000,FICTION / World Literature / Netherlands,,General Fiction
FIC113000,FICTION / World Literature / New Zealand,,General Fiction
FIC114000,FICTION / World Literature / Norway,,General Fiction
FIC115000,FICTION / World Literature / Oceania,,General Fiction
FIC116000,FICTION / World Literature / Pakistan,,General Fiction
FIC117000,FICTION / World Literature / Peru,,General Fiction
FIC118000,FICTION / World Literature / Poland,,General Fiction
FIC119000,FICTION / World Literature / Portugal,,General Fiction
FIC120000,FICTION / World Literature / Russia / General,,General Fiction
FIC120010,FICTION / World Literature / Russia / 19th Century,,Historical Fiction
FIC120020,FICTION / World Literature / Russia / 20th Century,,General Fiction
FIC120030,FICTION / World Literature / Russia / 21st Century,,General Fiction
FIC121000,FICTION / World Literature / Scotland / General,,General Fiction
FIC121010,FICTION / World Literature / Scotland / 19th Century,,Historical Fiction
FIC121020,FICTION / World Literature / Scotland / 20th Century,,General Fiction
FIC121030,FICTION / World Literature / Scotland / 21st Century,,General Fiction
FIC122000,FICTION / World Literature / South America (General),,General Fiction
FIC123000,FICTION / World Literature / Southeast Asia,,General Fiction
FIC124000,FICTION / World Literature / Spain / General,,General Fiction
FIC124010,FICTION / World Literature / Spain / 19th Century,,Historical Fiction
FIC124020,FICTION / World Literature / Spain / 20th Century,,General Fiction
FIC124030,FICTION / World Literature / Spain / 21st Century,,General Fiction
FIC125000,FICTION / World Literature / Sweden,,General Fiction
FIC126000,FICTION / World Literature / Turkey,,General Fiction
FIC127000,FICTION / World Literature / Uruguay,,General Fiction
FIC128000,FICTION / World Literature / Wales,,General Fiction
FIC129000,FICTION / LitRPG (Literary Role-Playing Game),,General Fiction
FIC130000,FICTION / Diversity & Multicultural,,General Fiction
FIC131000,FICTION / Middle Eastern & Arab American,,General Fiction
FIC132000,FICTION / Neurodiversity,,General Fiction
FIC133000,FICTION / Performing Arts / General,,General Fiction
FIC133010,"FICTION / Performing Arts / Dance, Theater & Musicals",,General Fiction
FIC133020,"FICTION / Performing Arts / Film, Television & Radio",,General Fiction
FIC133030,FICTION / Performing Arts / Music,,General Fiction
FIC134000,FICTION / Immigration & Emigration,,General Fiction
FIC135000,FICTION / Indigenous Peoples of Turtle Island,,General Fiction
FIC136000,FICTION / LGBTQ+ / Two-Spirited & Indigiqueer,,LGBTQ Fiction
FIC137000,FICTION / Native American,,General Fiction
FIC138000,FICTION / Suburban,,General Fiction
FIC139000,FICTION / World Literature / Central Asia,,General Fiction
FIC140000,"FICTION / Books, Bookstores & Libraries",,General Fiction
FIC141000,"FICTION / Death, Grief, Bereavement",,General Fiction
FIC142000,FICTION / LGBTQ+ / Nonbinary & Genderqueer,,LGBTQ Fiction
FIC143000,FICTION / Places / Africa,,General Fiction
FIC144000,FICTION / Places / Asia,,General Fiction
FIC145000,FICTION / Places / Australia & Oceania,,General Fiction
FIC146000,FICTION / Places / Canada,,General Fiction
FIC147000,FICTION / Places / Caribbean & Latin America,,General Fiction
FIC148000,FICTION / Places / Europe,,General Fiction
FIC149000,FICTION / Places / Mexico,,General Fiction
FIC150000,FICTION / Places / Middle East,,General Fiction
FIC151000,FICTION / Places / Polar Regions,,General Fiction
FIC152000,FICTION / Places / United States,,General Fiction
FIC153000,FICTION / School & Education,,General Fiction
FIC154000,FICTION / Travel & Vacation,,General Fiction
FIC155000,FICTION / Cozy,,General Fiction
FIC156000,"FICTION / Prejudice, Racism & Colorism",,General Fiction
FIC157000,FICTION / Speculative,,General Fiction
FIC158000,FICTION / Surrealism,,General Fiction
FOR000000,LANGUAGE STUDY / General,Foreign Language Study,
FOR001000,LANGUAGE STUDY / African Languages (see also Swahili),Foreign Language Study,
FOR002000,LANGUAGE STUDY / Arabic,Foreign Language Study,
FOR003000,LANGUAGE STUDY / Chinese,Foreign Language Study,
FOR004000,LANGUAGE STUDY / Danish,Foreign Language Study,
FOR005000,LANGUAGE STUDY / Multi-Language Dictionaries,Dictionaries,
FOR006000,LANGUAGE STUDY / Dutch,Foreign Language Study,
FOR007000,LANGUAGE STUDY / English as a Second Language,Foreign Language Study,
FOR008000,LANGUAGE STUDY / French,Foreign Language Study,
FOR009000,LANGUAGE STUDY / German,Foreign Language Study,
FOR010000,LANGUAGE STUDY / Greek (Modern),Foreign Language Study,
FOR011000,LANGUAGE STUDY / Hebrew,Foreign Language Study,
FOR012000,LANGUAGE STUDY / Hungarian,Foreign Language Study,
FOR013000,LANGUAGE STUDY / Italian,Foreign Language Study,
FOR014000,LANGUAGE STUDY / Japanese,Foreign Language Study,
FOR015000,LANGUAGE STUDY / Korean,Foreign Language Study,
FOR016000,LANGUAGE STUDY / Latin,Foreign Language Study,
FOR017000,LANGUAGE STUDY / Miscellaneous,Foreign Language Study,
FOR018000,LANGUAGE STUDY / Multi-Language Phrasebooks,Dictionaries,
FOR019000,LANGUAGE STUDY / Polish,Foreign Language Study,
FOR020000,LANGUAGE STUDY / Portuguese,Foreign Language Study,
FOR021000,LANGUAGE STUDY / Russian,Foreign Language Study,
FOR022000,LANGUAGE STUDY / Scandinavian Languages (Other),Foreign Language Study,
FOR023000,LANGUAGE STUDY / Serbian & Croatian,Foreign Language Study,
FOR024000,LANGUAGE STUDY / Slavic Languages (Other),Foreign Language Study,
FOR025000,LANGUAGE STUDY / Southeast Asian Languages (see also Vietnamese),Foreign Language Study,
FOR026000,LANGUAGE STUDY / Spanish,Foreign Language Study,
FOR027000,LANGUAGE STUDY / Turkish & Turkic Languages,Foreign Language Study,
FOR028000,LANGUAGE STUDY / Yiddish,Foreign Language Study,
FOR029000,LANGUAGE STUDY / Celtic Languages,Foreign Language Study,
FOR030000,LANGUAGE STUDY / Indic Languages,Foreign Language Study,
FOR031000,LANGUAGE STUDY / Indigenous Languages in the Americas,Foreign Language Study,
FOR032000,LANGUAGE STUDY / Oceanic & Australian Languages,Foreign Language Study,
FOR033000,LANGUAGE STUDY / Ancient Languages (see also Latin),Foreign Language Study,
FOR034000,LANGUAGE STUDY / Baltic Languages,Foreign Language Study,
FOR035000,LANGUAGE STUDY / Creole Languages,Foreign Language Study,
FOR036000,LANGUAGE STUDY / Czech,Foreign Language Study,
FOR037000,LANGUAGE STUDY / Finnish,Finnish Language,
FOR038000,LANGUAGE STUDY / Hindi,Foreign Language Study,
FOR039000,LANGUAGE STUDY / Norwegian,Foreign Language Study,
FOR040000,LANGUAGE STUDY / Persian,Foreign Language Study,
FOR041000,LANGUAGE STUDY / Romance Languages (Other),Foreign Language Study,
FOR042000,LANGUAGE STUDY / Swahili,Foreign Language Study,
FOR043000,LANGUAGE STUDY / Swedish,Foreign Language Study,
FOR044000,LANGUAGE STUDY / Vietnamese,Foreign Language Study,
FOR045000,LANGUAGE STUDY / Old & Middle English,Foreign Language Study,
GAM000000,GAMES & ACTIVITIES / General,Games & Activities,
GAM001000,GAMES & ACTIVITIES / Board Games,Games & Activities,
GAM001010,GAMES & ACTIVITIES / Backgammon,Games & Activities,
GAM001030,GAMES & ACTIVITIES / Chess,Games & Activities,
GAM002000,GAMES & ACTIVITIES / Card Games / General,Games & Activities,
GAM002010,GAMES & ACTIVITIES / Card Games / Bridge,Games & Activities,
GAM002030,GAMES & ACTIVITIES / Card Games / Blackjack,Games & Activities,
GAM002040,GAMES & ACTIVITIES / Card Games / Poker,Games & Activities,
GAM003000,GAMES & ACTIVITIES / Crosswords / General,Games & Activities,
GAM003040,GAMES & ACTIVITIES / Crosswords / Dictionaries,Games & Activities,
GAM004000,GAMES & ACTIVITIES / Gambling / General (see also SELF-HELP / Compulsive Behavior / Gambling),Games & Activities,
GAM004020,GAMES & ACTIVITIES / Gambling / Lotteries,Games & Activities,
GAM004030,GAMES & ACTIVITIES / Gambling / Table,Games & Activities,
GAM004040,GAMES & ACTIVITIES / Gambling / Track Betting,Games & Activities,
GAM004050,GAMES & ACTIVITIES / Gambling / Sports,Games & Activities,
GAM005000,GAMES & ACTIVITIES / Logic & Brain Teasers,Games & Activities,
GAM006000,GAMES & ACTIVITIES / Magic,Games & Activities,
GAM007000,GAMES & ACTIVITIES / Puzzles,Games & Activities,
GAM008000,GAMES & ACTIVITIES / Quizzes,Games & Activities,
GAM009000,GAMES & ACTIVITIES / Reference,Games & Activities,
GAM010000,GAMES & ACTIVITIES / Role Playing & Fantasy,Games & Activities,
GAM011000,GAMES & ACTIVITIES / Travel Games,Games & Activities,
GAM012000,GAMES & ACTIVITIES / Trivia,Games & Activities,
GAM013000,GAMES & ACTIVITIES / Video & Mobile,Games & Activities,
GAM014000,GAMES & ACTIVITIES / Word & Word Search,Games & Activities,
GAM016000,GAMES & ACTIVITIES / Fantasy Sports,Games & Activities,
GAM017000,GAMES & ACTIVITIES / Sudoku,Games & Activities,
GAM018000,GAMES & ACTIVITIES / Optical Illusions,Games & Activities,
GAM019000,GAMES & ACTIVITIES / Coloring Books,Games & Activities,
GAM020000,GAMES & ACTIVITIES / Activity Books,Games & Activities,
GAM021000,GAMES & ACTIVITIES / Guided Journals,Games & Activities,
GAM022000,GAMES & ACTIVITIES / Juggling,Games & Activities,
GAM023000,GAMES & ACTIVITIES / eSports,Games & Activities,
GAM024000,GAMES & ACTIVITIES / Sticker Books,Games & Activities,
GAM025000,GAMES & ACTIVITIES / Darts,Games & Activities,
GAM026000,GAMES & ACTIVITIES / Mahjong,Games & Activities,
GAM027000,GAMES & ACTIVITIES / Party Games,Games & Activities,
GAR000000,GARDENING / General,Gardening,
GAR001000,GARDENING / Garden Types / Container & Raised Bed,Gardening,
GAR002000,GARDENING / Essays & Narratives,Gardening,
GAR004000,GARDENING / Ornamental Plants / Flowers / General,Gardening,
GAR004010,GARDENING / Ornamental Plants / Flowers / Annuals,Gardening,
GAR004030,GARDENING / Ornamental Plants / Flowers / Bulbs,Gardening,
GAR004040,GARDENING / Ornamental Plants / Flowers / Orchids,Gardening,
GAR004050,GARDENING / Ornamental Plants / Flowers / Perennials,Gardening,
GAR004060,GARDENING / Ornamental Plants / Flowers / Roses,Gardening,
GAR004080,GARDENING / Ornamental Plants / Flowers / Wildflowers,Gardening,
GAR005000,GARDENING / Edible & Medicinal / Fruit,Gardening,
GAR006000,"GARDENING / Garden Design, Planning & Layout",Gardening,
GAR007000,GARDENING / Garden Furnishings,Gardening,
GAR008000,GARDENING / Greenhouses,Gardening,
GAR009000,GARDENING / Edible & Medicinal / Herbs,Gardening,
GAR010000,GARDENING / House Plants & Indoor,Gardening,
GAR011000,GARDENING / Garden Types / Hydroponic,Gardening,
GAR013000,GARDENING / Garden Types / Japanese,Gardening,
GAR014000,GARDENING / Landscape,Gardening,
GAR015000,GARDENING / Lawns & Groundcovers,Gardening,
GAR016000,GARDENING / Techniques / Organic,Gardening,
GAR017000,GARDENING / Ornamental Plants / General,Gardening,
GAR018000,GARDENING / Reference,Gardening,
GAR019000,GARDENING / Regional / General,Gardening,
GAR019010,GARDENING / Regional / Canada,Gardening,
GAR019020,"GARDENING / Regional / Middle Atlantic (DC, DE, MD, NJ, NY, PA)",Gardening,
GAR019030,"GARDENING / Regional / Midwest (IA, IL, IN, KS, MI, MN, MO, ND, NE, OH, SD, WI)",Gardening,
GAR019040,"GARDENING / Regional / New England (CT, MA, ME, NH, RI, VT)",Gardening,
GAR019050,"GARDENING / Regional / Pacific Northwest (OR, WA)",Gardening,
GAR019060,"GARDENING / Regional / South (AL, AR, FL, GA, KY, LA, MS, NC, SC, TN, VA, WV)",Gardening,
GAR019070,"GARDENING / Regional / Southwest (AZ, NM, OK, TX)",Gardening,
GAR019080,"GARDENING / Regional / West (AK, CA, CO, HI, ID, MT, NV, UT, WY)",Gardening,
GAR020000,GARDENING / Garden Types / Shade,Gardening,
GAR021000,GARDENING / Ornamental Plants / Shrubs,Gardening,
GAR022000,GARDENING / Techniques / General,Gardening,
GAR023000,GARDENING / Techniques / Topiary,Gardening,
GAR024000,GARDENING / Ornamental Plants / Trees,Gardening,
GAR025000,GARDENING / Edible & Medicinal / Vegetables,Gardening,
GAR026000,"GARDENING / Techniques / Xeriscaping, Firescaping & Low Water",Gardening,
GAR027000,GARDENING / Climatic / General,Gardening,
GAR027010,GARDENING / Climatic / Desert,Gardening,
GAR027020,GARDENING / Climatic / Temperate,Gardening,
GAR027030,GARDENING / Climatic / Tropical,Gardening,
GAR028000,"GARDENING / Garden Types / Urban, Community & Small Space",Gardening,
GAR029000,GARDENING / Garden Types / Water Gardens,Gardening,
GAR030000,GARDENING / Pictorial,Gardening,
GAR031000,GARDENING / Edible & Medicinal / Marijuana Cultivation,Gardening,
GAR032000,GARDENING / Techniques / Composting & Soil Health,Gardening,
GAR033000,GARDENING / Terrariums,Gardening,
GAR034000,GARDENING / Botany & Horticultural Topics,Gardening,
GAR035000,GARDENING / Edible & Medicinal / General,Gardening,
GAR036000,GARDENING / Edible & Medicinal / Indigenous Crops & Plant Medicines,Gardening,
GAR037000,GARDENING / Edible & Medicinal / Mushrooms,Gardening,
GAR038000,GARDENING / Garden Types / General,Gardening,
GAR039000,GARDENING / Garden Types / Cut Flower,Gardening,
GAR040000,GARDENING / Garden Types / Edible Landscaping & Potager,Gardening,
GAR041000,GARDENING / Garden Types / Vertical,Gardening,
GAR042000,GARDENING / Homesteading & Hobby Farming,Gardening,
GAR043000,GARDENING / Ornamental Plants / Native Plants,Gardening,
GAR044000,GARDENING / Ornamental Plants / Tropicals,Gardening,
GAR045000,GARDENING / Planners & Journals,Gardening,
GAR046000,GARDENING / Pollinators & Wildlife,Gardening,
GAR047000,GARDENING / Techniques / Maintenance & Care,Gardening,
GAR048000,"GARDENING / Techniques / Pests, Diseases & Problems",Gardening,
GAR049000,GARDENING / Techniques / Plant Propagation,Gardening,
GAR050000,GARDENING / Techniques / Sustainable & Regenerative,Gardening,
HEA000000,HEALTH & FITNESS / General,Food & Health,
HEA001000,HEALTH & FITNESS / Acupressure & Acupuncture (see also MEDICAL / Acupuncture),Food & Health,
HEA002000,HEALTH & FITNESS / Exercise / Aerobics,Food & Health,
HEA003000,HEALTH & FITNESS / Beauty & Grooming / General,Food & Health,
HEA003010,HEALTH & FITNESS / Beauty & Grooming / Hair,Food & Health,
HEA003020,HEALTH & FITNESS / Beauty & Grooming / Makeup,Food & Health,
HEA003030,HEALTH & FITNESS / Beauty & Grooming / Nails,Food & Health,
HEA003040,HEALTH & FITNESS / Beauty & Grooming / Skin Care,Food & Health,
HEA003050,HEALTH & FITNESS / Beauty & Grooming / Black Hair,Food & Health,
HEA006000,HEALTH & FITNESS / Diet & Nutrition / Diets,Nutrition,
HEA007000,HEALTH & FITNESS / Exercise / General,Food & Health,
HEA007010,HEALTH & FITNESS / Exercise / Aquatic,Food & Health,
HEA007020,HEALTH & FITNESS / Exercise / Dance,Food & Health,
HEA007030,HEALTH & FITNESS / Exercise / Pilates,Food & Health,
HEA007040,HEALTH & FITNESS / Exercise / Interval Training (incl. HIIT),Food & Health,
HEA007050,HEALTH & FITNESS / Exercise / Strength Training,Food & Health,
HEA009000,HEALTH & FITNESS / Healing,Food & Health,
HEA010000,HEALTH & FITNESS / Healthy Living,Food & Health,
HEA011000,HEALTH & FITNESS / Herbal Medicine,Food & Health,
HEA012000,HEALTH & FITNESS / Holism,Food & Health,
HEA013000,HEALTH & FITNESS / Diet & Nutrition / Macrobiotics,Nutrition,
HEA014000,HEALTH & FITNESS / Massage & Reflexology,Food & Health,
HEA015000,HEALTH & FITNESS / Men's Health,Food & Health,
HEA016000,HEALTH & FITNESS / Naturopathy,Food & Health,
HEA017000,HEALTH & FITNESS / Diet & Nutrition / Nutrition,Nutrition,
HEA018000,HEALTH & FITNESS / Disability,Food & Health,
HEA019000,HEALTH & FITNESS / Diet & Nutrition / Weight Loss,Nutrition,
HEA020000,HEALTH & FITNESS / Reference,Food & Health,
HEA022000,HEALTH & FITNESS / Exercise / Stretching,Food & Health,
HEA023000,HEALTH & FITNESS / Diet & Nutrition / Vitamins & Supplements,Food & Health,
HEA024000,HEALTH & FITNESS / Women's Health,Food & Health,
HEA025000,HEALTH & FITNESS / Yoga,Food & Health,
HEA027000,HEALTH & FITNESS / Allergies,Food & Health,
HEA028000,HEALTH & FITNESS / Health Care Issues,Food & Health,
HEA029000,HEALTH & FITNESS / Aromatherapy,Food & Health,
HEA030000,HEALTH & FITNESS / Homeopathy,Food & Health,
HEA032000,HEALTH & FITNESS / Alternative Therapies,Food & Health,
HEA033000,HEALTH & FITNESS / First Aid,Food & Health,
HEA034000,HEALTH & FITNESS / Diet & Nutrition / Food Content Guides,Food & Health,
HEA035000,HEALTH & FITNESS / Hearing & Speech,Food & Health,
HEA036000,HEALTH & FITNESS / Pain Management,Food & Health,
HEA037000,HEALTH & FITNESS / Vision,Food & Health,
HEA038000,HEALTH & FITNESS / Work-Related Health,Food & Health,
HEA039000,HEALTH & FITNESS / Diseases & Conditions / General,Food & Health,
HEA039010,HEALTH & FITNESS / Diseases & Conditions / Gastrointestinal,Food & Health,
HEA039020,HEALTH & FITNESS / Diseases & Conditions / AIDS & HIV,Food & Health,
HEA039030,HEALTH & FITNESS / Diseases & Conditions / Cancer,Food & Health,
HEA039040,HEALTH & FITNESS / Diseases & Conditions / Contagious (incl. Pandemics),Food & Health,
HEA039050,HEALTH & FITNESS / Diseases & Conditions / Diabetes,Food & Health,
HEA039060,HEALTH & FITNESS / Diseases & Conditions / Genetic,Food & Health,
HEA039070,HEALTH & FITNESS / Diseases & Conditions / Genitourinary & STDs,Food & Health,
HEA039080,HEALTH & FITNESS / Diseases & Conditions / Heart,Food & Health,
HEA039090,HEALTH & FITNESS / Diseases & Conditions / Immune & Autoimmune,Food & Health,
HEA039100,HEALTH & FITNESS / Diseases & Conditions / Musculoskeletal,Food & Health,
HEA039110,HEALTH & FITNESS / Diseases & Conditions / Nervous System (incl. Brain),Food & Health,
HEA039120,HEALTH & FITNESS / Diseases & Conditions / Respiratory,Food & Health,
HEA039130,HEALTH & FITNESS / Diseases & Conditions / Skin,Food & Health,
HEA039140,HEALTH & FITNESS / Diseases & Conditions / Alzheimer's & Dementia,Food & Health,
HEA039150,HEALTH & FITNESS / Diseases & Conditions / Chronic Fatigue Syndrome,Food & Health,
HEA039160,HEALTH & FITNESS / Diseases & Conditions / Endocrine System,Food & Health,
HEA039170,HEALTH & FITNESS / Diseases & Conditions / Headaches & Migraines,Food & Health,
HEA040000,HEALTH & FITNESS / Oral Health,Food & Health,
HEA041000,HEALTH & FITNESS / Pregnancy & Childbirth,Food & Health,
HEA042000,HEALTH & FITNESS / Sexuality,Food & Health,
HEA043000,HEALTH & FITNESS / Sleep,Food & Health,
HEA044000,HEALTH & FITNESS / Breastfeeding,Food & Health,
HEA045000,HEALTH & FITNESS / Fertility & Infertility,Food & Health,
HEA046000,HEALTH & FITNESS / Children & Adolescents,Food & Health,
HEA047000,HEALTH & FITNESS / Body Cleansing & Detoxification,Food & Health,
HEA048000,HEALTH & FITNESS / Diet & Nutrition / General,Nutrition,
HEA049000,HEALTH & FITNESS / Aging & Longevity,Food & Health,
HEA050000,HEALTH & FITNESS / Vaccinations,Food & Health,
HEA051000,HEALTH & FITNESS / Menopause,Food & Health,
HEA052000,HEALTH & FITNESS / Tai Chi,Food & Health,
HEA053000,HEALTH & FITNESS / Cannabis & CBD,Food & Health,
HEA054000,HEALTH & FITNESS / LGBTQ+ Health,Food & Health,
HEA055000,HEALTH & FITNESS / Mental Health,Food & Health,
HEA056000,HEALTH & FITNESS / Indigenous Health & Healing,Food & Health,
HEA057000,HEALTH & FITNESS / African American & Black,Food & Health,
HEA058000,HEALTH & FITNESS / Asian American & Pacific Islander,Food & Health,
HEA059000,HEALTH & FITNESS / Breathwork,Food & Health,
HEA060000,HEALTH & FITNESS / College & University Students,Food & Health,
HEA061000,HEALTH & FITNESS / Hispanic & Latino,Food & Health,
HEA062000,HEALTH & FITNESS / Menstruation,Food & Health,
HEA063000,HEALTH & FITNESS / Reproductive Health,Food & Health,
HEA064000,HEALTH & FITNESS / Diet & Nutrition / Fasting (incl. Intermittent),Food & Health,
HEA065000,HEALTH & FITNESS / Somatic Movement,Food & Health,
HIS000000,HISTORY / General,History,
HIS001000,HISTORY / Africa / General,History,
HIS001010,HISTORY / Africa / Central,History,
HIS001020,HISTORY / Africa / East,History,
HIS001030,HISTORY / Africa / North,History,
HIS001040,HISTORY / Africa / South / General,History,
HIS001050,HISTORY / Africa / West,History,
HIS002000,HISTORY / Ancient / General,History,
HIS002010,HISTORY / Ancient / Greece,History,
HIS002020,HISTORY / Ancient / Rome,History,
HIS002030,HISTORY / Ancient / Egypt,History,
HIS003000,HISTORY / Asia / General,History,
HIS004000,HISTORY / Australia & New Zealand,History,
HIS005000,HISTORY / Europe / Baltic States,History,
HIS006000,HISTORY / Canada / General,History,
HIS006010,HISTORY / Canada / Pre-Confederation (to 1867),History,
HIS006020,HISTORY / Canada / Post-Confederation (1867-),History,
HIS006030,"HISTORY / Canada / Provincial, Territorial & Local / General",History,
HIS006040,"HISTORY / Canada / Provincial, Territorial & Local / Atlantic Provinces (NB, NL, NS, PE)",History,
HIS006050,"HISTORY / Canada / Provincial, Territorial & Local / British Columbia (BC)",History,
HIS006060,"HISTORY / Canada / Provincial, Territorial & Local / Northern Territories (NT, NU, YT)",History,
HIS006070,"HISTORY / Canada / Provincial, Territorial & Local / Ontario (ON)",History,
HIS006080,"HISTORY / Canada / Provincial, Territorial & Local / Prairie Provinces (AB, MB, SK)",History,
HIS006090,"HISTORY / Canada / Provincial, Territorial & Local / Quebec (QC)",History,
HIS007000,HISTORY / Latin America / Central America,History,
HIS008000,HISTORY / Asia / China,History,
HIS009000,HISTORY / Middle East / Egypt (see also Ancient / Egypt),History,
HIS010000,HISTORY / Europe / General,History,
HIS010010,HISTORY / Europe / Eastern,History,
HIS010020,HISTORY / Europe / Western,History,
HIS013000,HISTORY / Europe / France,History,
HIS014000,HISTORY / Europe / Germany,History,
HIS015000,HISTORY / Europe / Great Britain / General,History,
HIS015010,HISTORY / Europe / Great Britain / Middle Ages (449-1066),History,
HIS015020,HISTORY / Europe / Great Britain / Norman Conquest to Late Medieval (1066-1485),History,
HIS015030,HISTORY / Europe / Great Britain / Tudor & Elizabethan Era (1485-1603),History,
HIS015040,HISTORY / Europe / Great Britain / Stuart Era (1603-1714),History,
HIS015050,HISTORY / Europe / Great Britain / Georgian Era (1714-1837),History,
HIS015060,HISTORY / Europe / Great Britain / Victorian Era (1837-1901),History,
HIS015070,HISTORY / Europe / Great Britain / 20th Century,History,
HIS015080,HISTORY / Europe / Great Britain / 21st Century,History,
HIS015090,HISTORY / Europe / Great Britain / Scotland,History,
HIS015100,HISTORY / Europe / Great Britain / Wales,History,
HIS016000,HISTORY / Historiography,History,
HIS017000,HISTORY / Asia / South / General,History,
HIS018000,HISTORY / Europe / Ireland,History,
HIS019000,HISTORY / Middle East / Israel & Palestine,History,
HIS020000,HISTORY / Europe / Italy,History,
HIS021000,HISTORY / Asia / Japan,History,
HIS022000,HISTORY / Jewish,History,
HIS023000,HISTORY / Asia / Korea,History,
HIS024000,HISTORY / Latin America / General,History,
HIS025000,HISTORY / Latin America / Mexico,History,
HIS026000,HISTORY / Middle East / General,History,
HIS026010,HISTORY / Middle East / Arabian Peninsula,History,
HIS026020,HISTORY / Middle East / Iran,History,
HIS026030,HISTORY / Middle East / Iraq,History,
HIS026040,HISTORY / Middle East / Syria,History,
HIS026050,HISTORY / Middle East / Lebanon,History,
HIS027000,HISTORY / Military / General,History,
HIS027010,HISTORY / Military / Biological & Chemical Warfare,War,
HIS027020,HISTORY / Wars & Conflicts / Korean War,War,
HIS027030,HISTORY / Military / Nuclear Warfare,War,
HIS027040,HISTORY / Wars & Conflicts / Persian Gulf War (1991),War,
HIS027050,HISTORY / Military / Pictorial,War,
HIS027060,HISTORY / Military / Strategy,War,
HIS027070,HISTORY / Wars & Conflicts / Vietnam War,War,
HIS027080,HISTORY / Military / Weapons,War,
HIS027090,HISTORY / Wars & Conflicts / World War I,War,
HIS027100,HISTORY / Wars & Conflicts / World War II / General,War,
HIS027110,HISTORY / Military / United States,War,
HIS027120,HISTORY / Military / Veterans,War,
HIS027130,HISTORY / Wars & Conflicts / General,War,
HIS027140,HISTORY / Military / Aviation & Space,War,
HIS027150,HISTORY / Military / Naval,War,
HIS027160,HISTORY / Military / Canada,War,
HIS027170,HISTORY / Wars & Conflicts / Iraq War (2003-2011),War,
HIS027180,HISTORY / Military / Special Forces,War,
HIS027190,HISTORY / Wars & Conflicts / Afghan War (2001-2021),War,
HIS027200,HISTORY / Wars & Conflicts / Napoleonic Wars,War,
HIS027210,HISTORY / Wars & Conflicts / War of 1812,War,
HIS027220,HISTORY / Military / Ancient,War,
HIS027230,HISTORY / Military / Medieval,War,
HIS027240,HISTORY / Military / Vehicles / General,War,
HIS027250,HISTORY / Military / Civil Wars (see also United States / Civil War Period (1850-1877)),War,
HIS027260,HISTORY / Military / Early Modern Warfare (1500-1800),War,
HIS027270,HISTORY / Military / Fortifications,War,
HIS027280,HISTORY / Military / Guerrilla Warfare,War,
HIS027290,HISTORY / Military / Intelligence & Espionage,War,
HIS027300,HISTORY / Military / Land Forces,War,
HIS027310,HISTORY / Military / Uniforms,War,
HIS027320,HISTORY / Military / Vehicles / Air,War,
HIS027330,HISTORY / Military / Vehicles / Land,War,
HIS027340,HISTORY / Military / Vehicles / Sea (see also TRANSPORTATION / Ships & Boats / Submarines),War,
HIS027350,HISTORY / Wars & Conflicts / Crusades,War,
HIS027360,HISTORY / Wars & Conflicts / World War II / Eastern Front,War,
HIS027370,HISTORY / Wars & Conflicts / World War II / European Theater,War,
HIS027380,HISTORY / Wars & Conflicts / World War II / Mediterranean Theater,War,
HIS027390,HISTORY / Wars & Conflicts / World War II / Pacific Theater,War,
HIS028000,HISTORY / Indigenous / General,History,
HIS028010,HISTORY / Indigenous / Creation & Origins,History,
HIS028020,HISTORY / Indigenous / Migration,History,
HIS028030,HISTORY / Indigenous / Archaeological Stages & Interpretations of Oral History,History,
HIS028040,"HISTORY / Indigenous / Contact, European Invasion & Exploration",History,
HIS028050,"HISTORY / Indigenous / Colonial History & Interaction with Nations, Tribes, Bands & Communities",History,
HIS028060,HISTORY / Indigenous / Modern,History,
HIS029000,HISTORY / North America,History,
HIS030000,HISTORY / Reference,History,
HIS031000,"HISTORY / Revolutions, Uprisings & Rebellions",History,
HIS032000,HISTORY / Russia / General,History,
HIS032010,HISTORY / Russia / Imperial,History,
HIS032020,HISTORY / Russia / Soviet Era,History,
HIS032030,HISTORY / Russia / Post-Soviet,History,
HIS033000,HISTORY / Latin America / South America,History,
HIS035000,HISTORY / Study & Teaching,History,
HIS036000,HISTORY / United States / General,History,
HIS036010,HISTORY / United States / State & Local / General,History,
HIS036020,HISTORY / United States / Colonial Period (1600-1775),History,
HIS036030,HISTORY / United States / Revolutionary Period (1775-1800),History,
HIS036040,HISTORY / United States / 19th Century,History,
HIS036050,HISTORY / United States / Civil War Period (1850-1877),History,
HIS036060,HISTORY / United States / 20th Century,History,
HIS036070,HISTORY / United States / 21st Century,History,
HIS036080,"HISTORY / United States / State & Local / Middle Atlantic (DC, DE, MD, NJ, NY, PA)",History,
HIS036090,"HISTORY / United States / State & Local / Midwest (IA, IL, IN, KS, MI, MN, MO, ND, NE, OH, SD, WI)",History,
HIS036100,"HISTORY / United States / State & Local / New England (CT, MA, ME, NH, RI, VT)",History,
HIS036110,"HISTORY / United States / State & Local / Pacific Northwest (OR, WA)",History,
HIS036120,"HISTORY / United States / State & Local / South (AL, AR, FL, GA, KY, LA, MS, NC, SC, TN, VA, WV)",History,
HIS036130,"HISTORY / United States / State & Local / Southwest (AZ, NM, OK, TX)",History,
HIS036140,"HISTORY / United States / State & Local / West (AK, CA, CO, HI, ID, MT, NV, UT, WY)",History,
HIS037000,HISTORY / World,History,
HIS037010,HISTORY / Europe / Medieval,History,
HIS037020,HISTORY / Europe / Renaissance,History,
HIS037030,HISTORY / Modern / General,History,
HIS037040,HISTORY / Modern / 17th Century,History,
HIS037050,HISTORY / Modern / 18th Century,History,
HIS037060,HISTORY / Modern / 19th Century,History,
HIS037070,HISTORY / Modern / 20th Century / General,History,
HIS037080,HISTORY / Modern / 21st Century,History,
HIS037090,HISTORY / Modern / 16th Century,History,
HIS037100,HISTORY / Modern / 20th Century / Cold War,History,
HIS038000,"HISTORY / Americas (North, Central, South, West Indies)",History,
HIS039000,HISTORY / Civilization,History,
HIS040000,HISTORY / Europe / Austria & Hungary,History,
HIS041000,HISTORY / Caribbean & West Indies / General,History,
HIS041010,HISTORY / Caribbean & West Indies / Cuba,History,
HIS041020,HISTORY / Caribbean & West Indies / Dominican Republic,History,
HIS041030,HISTORY / Caribbean & West Indies / Haiti,History,
HIS041040,HISTORY / Caribbean & West Indies / Jamaica,History,
HIS042000,HISTORY / Europe / Greece (see also Ancient / Greece),History,
HIS043000,HISTORY / Modern / 20th Century / Holocaust,History,
HIS044000,HISTORY / Europe / Nordic Countries,History,
HIS045000,HISTORY / Europe / Spain,History,
HIS046000,HISTORY / Polar Regions,History,
HIS047000,HISTORY / Africa / South / Republic of South Africa,History,
HIS048000,HISTORY / Asia / Southeast Asia,History,
HIS049000,HISTORY / Essays,History,
HIS050000,HISTORY / Asia / Central Asia,History,
HIS051000,HISTORY / Expeditions & Discoveries,History,
HIS052000,HISTORY / Historical Geography,History,
HIS053000,HISTORY / Oceania,History,
HIS054000,HISTORY / Social History,History,
HIS055000,HISTORY / Middle East / Turkey & Ottoman Empire,History,
HIS056000,HISTORY / African American & Black,History,
HIS057000,HISTORY / Maritime History & Piracy,History,
HIS058000,HISTORY / Women,History,
HIS059000,HISTORY / Byzantine Empire,History,
HIS060000,HISTORY / Europe / Poland,History,
HIS061000,HISTORY / Latin America / Pre-Columbian Era,History,
HIS062000,HISTORY / Asia / South / India,History,
HIS063000,"HISTORY / Europe / Benelux Countries (Belgium, Netherlands, Luxembourg)",History,
HIS064000,HISTORY / Europe / Portugal,History,
HIS065000,HISTORY / Islamic,History,
HIS066000,HISTORY / LGBTQ+,History,
HIS067000,HISTORY / Europe / Ukraine,History,
HIS068000,HISTORY / Hispanic & Latino,History,
HIS069000,HISTORY / Indigenous Peoples of Turtle Island,History,
HIS070000,HISTORY / Native American,History,
HIS071000,HISTORY / Asian American & Pacific Islander,History,
HIS072000,HISTORY / Disability,History,
HIS073000,HISTORY / Historical & Collective Memory,History,
HOM000000,HOUSE & HOME / General,Hobbies & Home,
HOM001000,HOUSE & HOME / Do-It-Yourself / Carpentry,Hobbies & Home,
HOM003000,HOUSE & HOME / Decorating & Furnishings,Interior Design,
HOM004000,HOUSE & HOME / Design & Construction,Interior Design,
HOM005000,HOUSE & HOME / Do-It-Yourself / General,Hobbies & Home,
HOM006000,HOUSE & HOME / Do-It-Yourself / Electrical,Hobbies & Home,
HOM009000,HOUSE & HOME / Hand Tools,Hobbies & Home,
HOM010000,HOUSE & HOME / Maintenance & Repair,Hobbies & Home,
HOM011000,HOUSE & HOME / House Plans,Interior Design,
HOM012000,HOUSE & HOME / Do-It-Yourself / Masonry,Hobbies & Home,
HOM013000,HOUSE & HOME / Outdoor & Recreational Areas,Hobbies & Home,
HOM014000,HOUSE & HOME / Do-It-Yourself / Plumbing,Hobbies & Home,
HOM015000,HOUSE & HOME / Power Tools,Hobbies & Home,
HOM016000,HOUSE & HOME / Reference,Hobbies & Home,
HOM017000,HOUSE & HOME / Remodeling & Renovation,Hobbies & Home,
HOM019000,"HOUSE & HOME / Cleaning, Caretaking & Organizing",Hobbies & Home,
HOM020000,"HOUSE & HOME / Equipment, Appliances & Supplies",Hobbies & Home,
HOM021000,HOUSE & HOME / Safety & Security (see also headings under SELF-HELP / Safety & Security),Hobbies & Home,
HOM022000,HOUSE & HOME / Sustainable Living,Hobbies & Home,
HOM023000,HOUSE & HOME / Small Spaces,Interior Design,
HOM024000,HOUSE & HOME / Energy,Hobbies & Home,
HOM025000,HOUSE & HOME / Moving & Relocation,Hobbies & Home,
HOM026000,HOUSE & HOME / Entertainment Systems,Hobbies & Home,
HOM027000,HOUSE & HOME / Smart Home,Hobbies & Home,
HUM000000,HUMOR / General,,Humor
HUM001000,HUMOR / Form / Comic Strips & Cartoons,,Humor
HUM003000,HUMOR / Form / Essays,,Humor
HUM004000,HUMOR / Form / Jokes & Riddles,,Humor
HUM005000,HUMOR / Form / Limericks & Verse,,Humor
HUM006000,HUMOR / Topic / Politics,,Humor
HUM007000,HUMOR / Form / Parodies,,Humor
HUM008000,HUMOR / Topic / Adult,,Humor
HUM009000,HUMOR / Topic / Animals,,Humor
HUM010000,HUMOR / Topic / Business & Professional,,Humor
HUM011000,HUMOR / Topic / Marriage & Family,,Humor
HUM012000,"HUMOR / Topic / Men, Women & Relationships",,Humor
HUM013000,HUMOR / Topic / Sports & Recreation,,Humor
HUM014000,HUMOR / Topic / Religion,,Humor
HUM015000,"HUMOR / Form / Anecdotes, Epigrams & Quotations",,Humor
HUM016000,HUMOR / Form / Trivia,,Humor
HUM017000,HUMOR / Form / Pictorial,,Humor
HUM018000,HUMOR / Form / Puns & Wordplay,,Humor
HUM019000,HUMOR / Topic / Language,,Humor
HUM020000,HUMOR / Topic / Celebrity & Popular Culture,,Humor
HUM021000,HUMOR / Topic / Regional & Cultural,,Humor
HUM022000,HUMOR / Topic / History,,Humor
HUM023000,HUMOR / Topic / Internet & Social Media,,Humor
HUM024000,HUMOR / Topic / LGBTQ+,,Humor
HUM025000,HUMOR / Topic / School & Education,,Humor
HUM026000,HUMOR / Topic / Travel,,Humor
HUM027000,HUMOR / Topic / Health & Medicine,,Humor
HUM028000,HUMOR / Topic / Aging,,Humor
HUM029000,HUMOR / Topic / Art & Literature,,Humor
HUM030000,HUMOR / Topic / Death & Grief,,Humor
HUM031000,HUMOR / Topic / Fashion & Style,,Humor
HUM032000,HUMOR / Topic / Food & Drink,,Humor
HUM033000,HUMOR / Topic / Generational,,Humor
HUM034000,HUMOR / Topic / Law & Crime,,Humor
HUM035000,HUMOR / Topic / Military,,Humor
LAN000000,LANGUAGE ARTS & DISCIPLINES / General,Litterature & Linguistics,
LAN001000,LANGUAGE ARTS & DISCIPLINES / Alphabets & Writing Systems,Litterature & Linguistics,
LAN002000,LANGUAGE ARTS & DISCIPLINES / Writing / Authorship,Litterature & Linguistics,
LAN004000,LANGUAGE ARTS & DISCIPLINES / Communication Studies,Litterature & Linguistics,
LAN005000,LANGUAGE ARTS & DISCIPLINES / Writing / General,Litterature & Linguistics,
LAN005010,LANGUAGE ARTS & DISCIPLINES / Writing / Academic & Scholarly,Litterature & Linguistics,
LAN005020,LANGUAGE ARTS & DISCIPLINES / Writing / Business Aspects,Litterature & Linguistics,
LAN005030,LANGUAGE ARTS & DISCIPLINES / Writing / Children's & Young Adult,Litterature & Linguistics,
LAN005040,LANGUAGE ARTS & DISCIPLINES / Writing / Composition,Litterature & Linguistics,
LAN005050,LANGUAGE ARTS & DISCIPLINES / Writing / Fiction Writing,Litterature & Linguistics,
LAN005060,LANGUAGE ARTS & DISCIPLINES / Writing / Nonfiction (incl. Memoirs),Litterature & Linguistics,
LAN005070,LANGUAGE ARTS & DISCIPLINES / Writing / Poetry,Litterature & Linguistics,
LAN006000,LANGUAGE ARTS & DISCIPLINES / Grammar & Punctuation,Litterature & Linguistics,
LAN007000,LANGUAGE ARTS & DISCIPLINES / Handwriting,Litterature & Linguistics,
LAN008000,LANGUAGE ARTS & DISCIPLINES / Journalism,Litterature & Linguistics,
LAN009000,LANGUAGE ARTS & DISCIPLINES / Linguistics / General,Litterature & Linguistics,
LAN009010,LANGUAGE ARTS & DISCIPLINES / Linguistics / Historical & Comparative,Litterature & Linguistics,
LAN009020,LANGUAGE ARTS & DISCIPLINES / Linguistics / Morphology,Litterature & Linguistics,
LAN009030,LANGUAGE ARTS & DISCIPLINES / Linguistics / Pragmatics,Litterature & Linguistics,
LAN009040,LANGUAGE ARTS & DISCIPLINES / Linguistics / Psycholinguistics / General,Litterature & Linguistics,
LAN009050,LANGUAGE ARTS & DISCIPLINES / Linguistics / Sociolinguistics,Litterature & Linguistics,
LAN009060,LANGUAGE ARTS & DISCIPLINES / Linguistics / Syntax,Litterature & Linguistics,
LAN009070,LANGUAGE ARTS & DISCIPLINES / Linguistics / Psycholinguistics / Language Acquisition,Litterature & Linguistics,
LAN009080,LANGUAGE ARTS & DISCIPLINES / Linguistics / Psycholinguistics / Neurolinguistics,Litterature & Linguistics,
LAN010000,LANGUAGE ARTS & DISCIPLINES / Literacy,Litterature & Linguistics,
LAN011000,LANGUAGE ARTS & DISCIPLINES / Linguistics / Phonetics & Phonology,Litterature & Linguistics,
LAN012000,LANGUAGE ARTS & DISCIPLINES / Readers,Litterature & Linguistics,
LAN013000,LANGUAGE ARTS & DISCIPLINES / Reading Skills,Litterature & Linguistics,
LAN015000,LANGUAGE ARTS & DISCIPLINES / Rhetoric,Litterature & Linguistics,
LAN016000,LANGUAGE ARTS & DISCIPLINES / Linguistics / Semantics,Litterature & Linguistics,
LAN017000,LANGUAGE ARTS & DISCIPLINES / Sign Language,Litterature & Linguistics,
LAN018000,LANGUAGE ARTS & DISCIPLINES / Speech & Pronunciation,Litterature & Linguistics,
LAN020000,LANGUAGE ARTS & DISCIPLINES / Study & Teaching,Litterature & Linguistics,
LAN021000,LANGUAGE ARTS & DISCIPLINES / Spelling & Vocabulary,Litterature & Linguistics,
LAN022000,LANGUAGE ARTS & DISCIPLINES / Editing & Proofreading,Litterature & Linguistics,
LAN023000,LANGUAGE ARTS & DISCIPLINES / Translating & Interpreting,Litterature & Linguistics,
LAN024000,LANGUAGE ARTS & DISCIPLINES / Linguistics / Etymology,Litterature & Linguistics,
LAN025000,LANGUAGE ARTS & DISCIPLINES / Library & Information Science / General,Litterature & Linguistics,
LAN025010,LANGUAGE ARTS & DISCIPLINES / Library & Information Science / Administration & Management,Litterature & Linguistics,
LAN025020,LANGUAGE ARTS & DISCIPLINES / Library & Information Science / Archives & Special Libraries,Litterature & Linguistics,
LAN025030,LANGUAGE ARTS & DISCIPLINES / Library & Information Science / Cataloging & Classification,Litterature & Linguistics,
LAN025040,LANGUAGE ARTS & DISCIPLINES / Library & Information Science / Collection Development,Litterature & Linguistics,
LAN025050,LANGUAGE ARTS & DISCIPLINES / Library & Information Science / School Media,Litterature & Linguistics,
LAN025060,LANGUAGE ARTS & DISCIPLINES / Library & Information Science / Digital & Online Resources,Litterature & Linguistics,
LAN026000,LANGUAGE ARTS & DISCIPLINES / Public Speaking & Speech Writing,Litterature & Linguistics,
LAN027000,LANGUAGE ARTS & DISCIPLINES / Publishers & Publishing Industry,Litterature & Linguistics,
LAN028000,LANGUAGE ARTS & DISCIPLINES / Style Manuals,Litterature & Linguistics,
LAN029000,LANGUAGE ARTS & DISCIPLINES / Lexicography,Litterature & Linguistics,
LAN030000,LANGUAGE ARTS & DISCIPLINES / Orality,Litterature & Linguistics,
LAW000000,LAW / General,Law,
LAW001000,LAW / Administrative Law & Regulatory Practice,Law,
LAW002000,LAW / Air & Space,Law,
LAW003000,LAW / Alternative Dispute Resolution,Law,
LAW004000,LAW / Annotations & Citations,Law,
LAW005000,LAW / Antitrust,Law,
LAW006000,"LAW / Arbitration, Negotiation, Mediation",Law,
LAW007000,LAW / Banking,Law,
LAW008000,LAW / Bankruptcy & Insolvency,Law,
LAW009000,LAW / Business & Financial,Law,
LAW010000,LAW / Child Advocacy,Law,
LAW011000,LAW / Civil Law,Law,
LAW012000,LAW / Civil Procedure,Law,
LAW013000,LAW / Civil Rights,Law,
LAW014000,LAW / Commercial / General,Law,
LAW014010,LAW / Commercial / International Trade,Law,
LAW015000,LAW / Communications,Law,
LAW016000,LAW / Comparative,Law,
LAW017000,LAW / Conflict of Laws,Law,
LAW018000,LAW / Constitutional,Law,
LAW019000,LAW / Construction,Law,
LAW020000,LAW / Consumer,Law,
LAW021000,LAW / Contracts,Law,
LAW022000,LAW / Corporate,Law,
LAW023000,LAW / Court Records,Law,
LAW024000,LAW / Court Rules,Law,
LAW025000,LAW / Courts,Law,
LAW026000,LAW / Criminal Law / General,Law,
LAW026010,LAW / Criminal Law / Juvenile Offenders,Law,
LAW026020,LAW / Criminal Law / Sentencing,Law,
LAW027000,LAW / Criminal Procedure,Law,
LAW028000,LAW / Customary,Law,
LAW029000,LAW / Depositions,Law,
LAW030000,LAW / Dictionaries & Terminology,Law,
LAW031000,LAW / Disability,Law,
LAW032000,LAW / Immigration & Emigration,Law,
LAW033000,LAW / Entertainment,Law,
LAW034000,LAW / Environmental,Law,
LAW035000,LAW / Estates & Trusts,Law,
LAW036000,LAW / Ethics & Professional Responsibility,Law,
LAW037000,LAW / Evidence,Law,
LAW038000,LAW / Family Law / General,Law,
LAW038010,LAW / Family Law / Children,Law,
LAW038020,LAW / Family Law / Divorce & Separation,Law,
LAW038030,LAW / Family Law / Marriage,Law,
LAW039000,LAW / Government / Federal,Law,
LAW041000,LAW / Forensic Science,Law,
LAW043000,LAW / Gender & the Law,Law,
LAW044000,LAW / General Practice,Law,
LAW046000,LAW / Health & Safety,Law,
LAW047000,LAW / Housing & Urban Development,Law,
LAW049000,LAW / Insurance,Law,
LAW050000,LAW / Intellectual Property / General,Law,
LAW050010,LAW / Intellectual Property / Copyright,Law,
LAW050020,LAW / Intellectual Property / Patent,Law,
LAW050030,LAW / Intellectual Property / Trademark,Law,
LAW051000,LAW / International,Law,
LAW052000,LAW / Jurisprudence,Law,
LAW053000,LAW / Jury,Law,
LAW054000,LAW / Labor & Employment,Law,
LAW055000,LAW / Land Use & Zoning,Law,
LAW056000,LAW / Law Office Management,Law,
LAW059000,LAW / Legal Education,Law,
LAW060000,LAW / Legal History,Law,
LAW061000,LAW / Legal Profession,Law,
LAW062000,LAW / Legal Services,Law,
LAW063000,LAW / Legal Writing,Law,
LAW064000,LAW / Litigation,Law,
LAW066000,LAW / Maritime,Law,
LAW067000,LAW / Mental Health,Law,
LAW068000,LAW / Military,Law,
LAW069000,LAW / Natural Law,Law,
LAW070000,LAW / Natural Resources,Law,
LAW071000,LAW / Paralegals & Paralegalism,Law,
LAW074000,LAW / Property,Law,
LAW075000,LAW / Public,Law,
LAW076000,LAW / Public Contract,Law,
LAW077000,LAW / Public Utilities,Law,
LAW078000,LAW / Real Estate,Law,
LAW079000,LAW / Reference,Law,
LAW080000,LAW / Remedies & Damages,Law,
LAW081000,LAW / Research,Law,
LAW082000,LAW / Right to Die,Law,
LAW083000,LAW / Securities,Law,
LAW084000,LAW / Sports,Law,
LAW086000,LAW / Taxation,Law,
LAW087000,LAW / Torts,Law,
LAW088000,LAW / Trial Practice,Law,
LAW089000,"LAW / Government / State, Provincial & Municipal",Law,
LAW090000,LAW / Wills,Law,
LAW091000,LAW / Witnesses,Law,
LAW092000,LAW / Educational Law & Legislation,Law,
LAW093000,LAW / Medical Law & Legislation,Law,
LAW094000,LAW / Discrimination,Law,
LAW095000,LAW / Malpractice,Law,
LAW096000,LAW / Media & the Law,Law,
LAW097000,LAW / Personal Injury,Law,
LAW098000,LAW / Practical Guides,Law,
LAW099000,LAW / Science & Technology,Law,
LAW100000,LAW / Living Trusts,Law,
LAW101000,LAW / Essays,Law,
LAW102000,LAW / Agricultural,Law,
LAW103000,LAW / Common,Law,
LAW104000,LAW / Computer & Internet,Law,
LAW106000,LAW / Defamation,Law,
LAW107000,LAW / Elder Law,Law,
LAW108000,LAW / Election Law,Law,
LAW109000,LAW / Government / General,Law,
LAW110000,LAW / Indigenous Law & Legal Systems,Law,
LAW111000,LAW / Judicial Power,Law,
LAW112000,LAW / Landlord & Tenant,Law,
LAW113000,LAW / Liability,Law,
LAW114000,LAW / Mergers & Acquisitions,Law,
LAW115000,LAW / Pension Law,Law,
LAW116000,LAW / Privacy,Law,
LAW117000,LAW / Transportation,Law,
LAW118000,LAW / Drugs & the Law,Law,
LAW119000,LAW / Islamic,Law,
LAW120000,LAW / Animal Law,Law,
LAW121000,LAW / Reform & Transformation,Law,
LCO000000,LITERARY COLLECTIONS / General,,Short Stories
LCO001000,LITERARY COLLECTIONS / African,,Short Stories
LCO002000,LITERARY COLLECTIONS / American,,Short Stories
LCO002010,LITERARY COLLECTIONS / African American & Black,,Short Stories
LCO002020,LITERARY COLLECTIONS / Asian American & Pacific Islander,,Short Stories
LCO002030,LITERARY COLLECTIONS / Hispanic & Latino,,Short Stories
LCO003000,LITERARY COLLECTIONS / Ancient & Classical,,Short Stories
LCO004000,LITERARY COLLECTIONS / Asian / General,,Short Stories
LCO004010,LITERARY COLLECTIONS / Asian / Chinese,,Short Stories
LCO004020,LITERARY COLLECTIONS / Asian / Indic,,Short Stories
LCO004030,LITERARY COLLECTIONS / Asian / Japanese,,Short Stories
LCO005000,LITERARY COLLECTIONS / Australian & Oceanian,,Short Stories
LCO006000,LITERARY COLLECTIONS / Canadian,,Short Stories
LCO007000,LITERARY COLLECTIONS / Caribbean & Latin American,,Short Stories
LCO008000,LITERARY COLLECTIONS / European / General,,Short Stories
LCO008010,LITERARY COLLECTIONS / European / Eastern (see also Russian & Soviet),,Short Stories
LCO008020,LITERARY COLLECTIONS / European / French,,Short Stories
LCO008030,LITERARY COLLECTIONS / European / German,,Short Stories
LCO008040,LITERARY COLLECTIONS / European / Italian,,Short Stories
LCO008050,LITERARY COLLECTIONS / European / Scandinavian,,Short Stories
LCO008060,LITERARY COLLECTIONS / European / Spanish & Portuguese,,Short Stories
LCO009000,"LITERARY COLLECTIONS / European / English, Irish, Scottish, Welsh",,Short Stories
LCO010000,LITERARY COLLECTIONS / Essays,,Short Stories
LCO011000,LITERARY COLLECTIONS / Letters,,Short Stories
LCO012000,LITERARY COLLECTIONS / Middle Eastern,,Short Stories
LCO013000,LITERARY COLLECTIONS / Indigenous,,Short Stories
LCO014000,LITERARY COLLECTIONS / Russian & Soviet,,Short Stories
LCO015000,LITERARY COLLECTIONS / Diaries & Journals,,Short Stories
LCO016000,LITERARY COLLECTIONS / LGBTQ+,,LGBTQ Fiction
LCO017000,LITERARY COLLECTIONS / Medieval,,Short Stories
LCO018000,LITERARY COLLECTIONS / Speeches,,Short Stories
LCO019000,LITERARY COLLECTIONS / Women Authors,,Short Stories
LCO020000,LITERARY COLLECTIONS / Interviews,,Short Stories
LCO021000,LITERARY COLLECTIONS / Prisoners' Writings,,Short Stories
LCO022000,LITERARY COLLECTIONS / Subjects & Themes / General,,Short Stories
LCO022010,LITERARY COLLECTIONS / Subjects & Themes / Animals & Nature,,Short Stories
LCO022020,LITERARY COLLECTIONS / Subjects & Themes / Love & Erotica,,Short Stories
LCO022030,LITERARY COLLECTIONS / Subjects & Themes / Places,,Short Stories
LCO022040,LITERARY COLLECTIONS / Subjects & Themes / Religious & Inspirational,,Short Stories
LCO022050,LITERARY COLLECTIONS / Subjects & Themes / War,,War Fiction
LCO022060,LITERARY COLLECTIONS / Subjects & Themes / Disability,,Short Stories
LCO022070,LITERARY COLLECTIONS / Subjects & Themes / Diversity & Multicultural,,Short Stories
LCO023000,LITERARY COLLECTIONS / Indigenous Peoples of Turtle Island,,Short Stories
LCO024000,LITERARY COLLECTIONS / Native American,,Short Stories
LIT000000,LITERARY CRITICISM / General,Litterature & Linguistics,
LIT003000,LITERARY CRITICISM / Feminist,Litterature & Linguistics,
LIT004010,LITERARY CRITICISM / African,Litterature & Linguistics,
LIT004020,LITERARY CRITICISM / American / General,Litterature & Linguistics,
LIT004030,LITERARY CRITICISM / Asian American & Pacific Islander,Litterature & Linguistics,
LIT004040,LITERARY CRITICISM / African American & Black,Litterature & Linguistics,
LIT004050,LITERARY CRITICISM / Hispanic & Latino,Litterature & Linguistics,
LIT004060,LITERARY CRITICISM / Indigenous,Litterature & Linguistics,
LIT004070,LITERARY CRITICISM / Australian & Oceanian,Litterature & Linguistics,
LIT004080,LITERARY CRITICISM / Canadian,Litterature & Linguistics,
LIT004100,LITERARY CRITICISM / Caribbean & Latin American,Litterature & Linguistics,
LIT004110,LITERARY CRITICISM / European / Eastern (see also Russian & Soviet),Litterature & Linguistics,
LIT004120,"LITERARY CRITICISM / European / English, Irish, Scottish, Welsh",Litterature & Linguistics,
LIT004130,LITERARY CRITICISM / European / General,Litterature & Linguistics,
LIT004150,LITERARY CRITICISM / European / French,Litterature & Linguistics,
LIT004160,LITERARY CRITICISM / LGBTQ+,Litterature & Linguistics,
LIT004170,LITERARY CRITICISM / European / German,Litterature & Linguistics,
LIT004180,LITERARY CRITICISM / Gothic & Romance,Litterature & Linguistics,
LIT004190,LITERARY CRITICISM / Ancient & Classical,Litterature & Linguistics,
LIT004200,LITERARY CRITICISM / European / Italian,Litterature & Linguistics,
LIT004210,LITERARY CRITICISM / Jewish,Litterature & Linguistics,
LIT004220,LITERARY CRITICISM / Middle Eastern,Litterature & Linguistics,
LIT004230,LITERARY CRITICISM / Mystery & Detective,Litterature & Linguistics,
LIT004240,LITERARY CRITICISM / Russian & Soviet,Litterature & Linguistics,
LIT004250,LITERARY CRITICISM / European / Scandinavian,Litterature & Linguistics,
LIT004260,LITERARY CRITICISM / Science Fiction & Fantasy,Litterature & Linguistics,
LIT004280,LITERARY CRITICISM / European / Spanish & Portuguese,Litterature & Linguistics,
LIT004290,LITERARY CRITICISM / Women Authors,Litterature & Linguistics,
LIT006000,LITERARY CRITICISM / Semiotics & Theory,Litterature & Linguistics,
LIT007000,LITERARY CRITICISM / Books & Reading,Litterature & Linguistics,
LIT008000,LITERARY CRITICISM / Asian / General,Litterature & Linguistics,
LIT008010,LITERARY CRITICISM / Asian / Chinese,Litterature & Linguistics,
LIT008020,LITERARY CRITICISM / Asian / Indic,Litterature & Linguistics,
LIT008030,LITERARY CRITICISM / Asian / Japanese,Litterature & Linguistics,
LIT009000,LITERARY CRITICISM / Children's & Young Adult Literature,Litterature & Linguistics,
LIT011000,LITERARY CRITICISM / Medieval,Litterature & Linguistics,
LIT012000,LITERARY CRITICISM / Reference,Litterature & Linguistics,
LIT013000,LITERARY CRITICISM / Drama,Litterature & Linguistics,
LIT014000,LITERARY CRITICISM / Poetry,Litterature & Linguistics,
LIT015000,LITERARY CRITICISM / Shakespeare,Litterature & Linguistics,
LIT016000,LITERARY CRITICISM / Humor,Litterature & Linguistics,
LIT017000,LITERARY CRITICISM / Comics & Graphic Novels,Litterature & Linguistics,
LIT018000,LITERARY CRITICISM / Short Stories,Litterature & Linguistics,
LIT019000,LITERARY CRITICISM / Renaissance,Litterature & Linguistics,
LIT020000,LITERARY CRITICISM / Comparative Literature,Litterature & Linguistics,
LIT021000,LITERARY CRITICISM / Horror & Supernatural,Litterature & Linguistics,
LIT022000,"LITERARY CRITICISM / Fairy Tales, Folk Tales, Legends & Mythology",Litterature & Linguistics,
LIT023000,LITERARY CRITICISM / American / Regional,Litterature & Linguistics,
LIT024000,LITERARY CRITICISM / Modern / General,Litterature & Linguistics,
LIT024010,LITERARY CRITICISM / Modern / 16th Century,Litterature & Linguistics,
LIT024020,LITERARY CRITICISM / Modern / 17th Century,Litterature & Linguistics,
LIT024030,LITERARY CRITICISM / Modern / 18th Century,Litterature & Linguistics,
LIT024040,LITERARY CRITICISM / Modern / 19th Century,Litterature & Linguistics,
LIT024050,LITERARY CRITICISM / Modern / 20th Century,Litterature & Linguistics,
LIT024060,LITERARY CRITICISM / Modern / 21st Century,Litterature & Linguistics,
LIT025000,LITERARY CRITICISM / Subjects & Themes / General,Litterature & Linguistics,
LIT025010,LITERARY CRITICISM / Subjects & Themes / Historical Events,Litterature & Linguistics,
LIT025020,LITERARY CRITICISM / Subjects & Themes / Nature,Litterature & Linguistics,
LIT025030,LITERARY CRITICISM / Subjects & Themes / Politics,Litterature & Linguistics,
LIT025040,LITERARY CRITICISM / Subjects & Themes / Religion,Litterature & Linguistics,
LIT025050,LITERARY CRITICISM / Subjects & Themes / Women,Litterature & Linguistics,
LIT025060,"LITERARY CRITICISM / Subjects & Themes / Culture, Race & Ethnicity",Litterature & Linguistics,
LIT025070,LITERARY CRITICISM / Subjects & Themes / Gender Identity,Litterature & Linguistics,
LIT025080,LITERARY CRITICISM / Subjects & Themes / Love & Erotica,Litterature & Linguistics,
LIT026000,LITERARY CRITICISM / Novel as Form,Litterature & Linguistics,
LIT027000,LITERARY CRITICISM / Indigenous Peoples of Turtle Island,Litterature & Linguistics,
LIT028000,LITERARY CRITICISM / Native American,Litterature & Linguistics,
MAT000000,MATHEMATICS / General,Mathematics,
MAT002000,MATHEMATICS / Algebra / General,Mathematics,
MAT002010,MATHEMATICS / Algebra / Abstract,Mathematics,
MAT002030,MATHEMATICS / Algebra / Elementary,Mathematics,
MAT002040,MATHEMATICS / Algebra / Intermediate,Mathematics,
MAT002050,MATHEMATICS / Algebra / Linear,Mathematics,
MAT003000,MATHEMATICS / Applied,Mathematics,
MAT004000,MATHEMATICS / Arithmetic,Mathematics,
MAT005000,MATHEMATICS / Calculus,Mathematics,
MAT006000,MATHEMATICS / Counting & Numeration,Mathematics,
MAT007000,MATHEMATICS / Differential Equations / General,Mathematics,
MAT007010,MATHEMATICS / Differential Equations / Ordinary,Mathematics,
MAT007020,MATHEMATICS / Differential Equations / Partial,Mathematics,
MAT008000,MATHEMATICS / Discrete Mathematics,Mathematics,
MAT009000,MATHEMATICS / Finite Mathematics,Mathematics,
MAT011000,MATHEMATICS / Game Theory,Mathematics,
MAT012000,MATHEMATICS / Geometry / General,Mathematics,
MAT012010,MATHEMATICS / Geometry / Algebraic,Mathematics,
MAT012020,MATHEMATICS / Geometry / Analytic,Mathematics,
MAT012030,MATHEMATICS / Geometry / Differential,Mathematics,
MAT012040,MATHEMATICS / Geometry / Non-Euclidean,Mathematics,
MAT013000,MATHEMATICS / Graphic Methods,Mathematics,
MAT014000,MATHEMATICS / Group Theory,Mathematics,
MAT015000,MATHEMATICS / History & Philosophy,Mathematics,
MAT016000,MATHEMATICS / Infinity,Mathematics,
MAT017000,MATHEMATICS / Linear & Nonlinear Programming,Mathematics,
MAT018000,MATHEMATICS / Logic,Mathematics,
MAT019000,MATHEMATICS / Matrices,Mathematics,
MAT020000,MATHEMATICS / Measurement,Mathematics,
MAT021000,MATHEMATICS / Number Systems,Mathematics,
MAT022000,MATHEMATICS / Number Theory,Mathematics,
MAT023000,MATHEMATICS / Pre-Calculus,Mathematics,
MAT025000,MATHEMATICS / Recreations & Games,Mathematics,
MAT026000,MATHEMATICS / Reference,Mathematics,
MAT027000,MATHEMATICS / Research,Mathematics,
MAT028000,MATHEMATICS / Set Theory,Mathematics,
MAT029000,MATHEMATICS / Probability & Statistics / General,Mathematics,
MAT029010,MATHEMATICS / Probability & Statistics / Bayesian Analysis,Mathematics,
MAT029020,MATHEMATICS / Probability & Statistics / Multivariate Analysis,Mathematics,
MAT029030,MATHEMATICS / Probability & Statistics / Regression Analysis,Mathematics,
MAT029040,MATHEMATICS / Probability & Statistics / Stochastic Processes,Mathematics,
MAT029050,MATHEMATICS / Probability & Statistics / Time Series,Mathematics,
MAT030000,MATHEMATICS / Study & Teaching,Mathematics,
MAT031000,MATHEMATICS / Transformations,Mathematics,
MAT032000,MATHEMATICS / Trigonometry,Mathematics,
MAT033000,MATHEMATICS / Vector Analysis,Mathematics,
MAT034000,MATHEMATICS / Mathematical Analysis,Mathematics,
MAT036000,MATHEMATICS / Combinatorics,Mathematics,
MAT037000,MATHEMATICS / Functional Analysis,Mathematics,
MAT038000,MATHEMATICS / Topology,Mathematics,
MAT039000,MATHEMATICS / Essays,Mathematics,
MAT040000,MATHEMATICS / Complex Analysis,Mathematics,
MAT041000,MATHEMATICS / Numerical Analysis,Mathematics,
MAT042000,MATHEMATICS / Optimization,Mathematics,
MAT043000,MATHEMATICS / Social & Cultural Aspects,Mathematics,
MED000000,MEDICAL / General,Medical,
MED001000,MEDICAL / Acupuncture,Medical,
MED002000,MEDICAL / Administration,Medical,
MED003000,MEDICAL / Allied Health Services / General,Medical,
MED003010,MEDICAL / Allied Health Services / Emergency Medical Services,Medical,
MED003020,MEDICAL / Allied Health Services / Hypnotherapy,Medical,
MED003030,MEDICAL / Allied Health Services / Medical Assistants,Medical,
MED003040,MEDICAL / Allied Health Services / Medical Technology,Medical,
MED003050,MEDICAL / Allied Health Services / Occupational Therapy,Medical,
MED003060,MEDICAL / Allied Health Services / Physical Therapy,Medical,
MED003070,MEDICAL / Allied Health Services / Imaging Technologies,Medical,
MED003080,MEDICAL / Allied Health Services / Respiratory Therapy,Medical,
MED003090,MEDICAL / Allied Health Services / Massage Therapy,Medical,
MED003100,MEDICAL / Allied Health Services / Medical Coding & Billing,Medical,
MED004000,MEDICAL / Alternative & Complementary Medicine,Medical,
MED005000,MEDICAL / Anatomy,Medical,
MED006000,MEDICAL / Anesthesiology,Medical,
MED007000,MEDICAL / Audiology & Speech Pathology,Medical,
MED008000,MEDICAL / Biochemistry,Medical,
MED009000,MEDICAL / Biotechnology,Medical,
MED010000,MEDICAL / Cardiology,Medical,
MED011000,MEDICAL / Caregiving,Medical,
MED012000,MEDICAL / Chemotherapy,Medical,
MED013000,MEDICAL / Chiropractic,Medical,
MED014000,MEDICAL / Clinical Medicine,Medical,
MED015000,MEDICAL / Critical Care,Medical,
MED016000,MEDICAL / Dentistry / General,Medical,
MED016010,MEDICAL / Dentistry / Dental Assisting,Medical,
MED016020,MEDICAL / Dentistry / Dental Hygiene,Medical,
MED016030,MEDICAL / Dentistry / Orthodontics,Medical,
MED016040,MEDICAL / Dentistry / Periodontics,Medical,
MED016050,MEDICAL / Dentistry / Oral Surgery,Medical,
MED016060,MEDICAL / Dentistry / Endodontics,Medical,
MED016070,MEDICAL / Dentistry / Prosthodontics,Medical,
MED016080,MEDICAL / Dentistry / Dental Implants,Medical,
MED016090,MEDICAL / Dentistry / Practice Management,Medical,
MED017000,MEDICAL / Dermatology,Medical,
MED018000,MEDICAL / Diagnosis,Medical,
MED019000,MEDICAL / Diagnostic Imaging / General,Medical,
MED019010,MEDICAL / Diagnostic Imaging / Radiography,Medical,
MED020000,MEDICAL / Dictionaries & Terminology,Medical,
MED021000,MEDICAL / Diet Therapy,Medical,
MED022000,MEDICAL / Diseases,Medical,
MED022020,MEDICAL / AIDS & HIV,Medical,
MED022090,MEDICAL / Infectious Diseases,Medical,
MED023000,MEDICAL / Drug Guides,Medical,
MED024000,MEDICAL / Education & Training,Medical,
MED025000,MEDICAL / Embryology,Medical,
MED026000,MEDICAL / Emergency Medicine,Medical,
MED027000,MEDICAL / Endocrinology & Metabolism,Medical,
MED028000,MEDICAL / Epidemiology,Medical,
MED029000,MEDICAL / Family & General Practice,Medical,
MED030000,MEDICAL / Forensic Medicine,Medical,
MED031000,MEDICAL / Gastroenterology,Medical,
MED032000,MEDICAL / Geriatrics,Medical,
MED033000,MEDICAL / Gynecology & Obstetrics,Medical,
MED034000,MEDICAL / Healing,Medical,
MED035000,MEDICAL / Health Care Delivery,Medical,
MED036000,MEDICAL / Health Policy,Medical,
MED037000,MEDICAL / Health Risk Assessment,Medical,
MED038000,MEDICAL / Hematology,Medical,
MED039000,MEDICAL / History,Medical,
MED040000,MEDICAL / Holistic Medicine,Medical,
MED041000,MEDICAL / Home Care,Medical,
MED042000,MEDICAL / Terminal Care,Medical,
MED043000,MEDICAL / Hospital Administration & Care,Medical,
MED044000,MEDICAL / Immunology,Medical,
MED045000,MEDICAL / Internal Medicine,Medical,
MED047000,MEDICAL / Laboratory Medicine,Medical,
MED048000,MEDICAL / Lasers in Medicine,Medical,
MED049000,MEDICAL / Medicaid & Medicare,Medical,
MED050000,MEDICAL / Ethics,Medical,
MED051000,MEDICAL / Medical History & Records,Medical,
MED052000,MEDICAL / Microbiology,Medical,
MED055000,MEDICAL / Nephrology,Medical,
MED056000,MEDICAL / Neurology,Medical,
MED057000,MEDICAL / Neuroscience,Medical,
MED058000,MEDICAL / Nursing / General,Medical,
MED058010,MEDICAL / Nursing / Anesthesia,Medical,
MED058020,MEDICAL / Nursing / Assessment & Diagnosis,Medical,
MED058030,MEDICAL / Nursing / Critical & Intensive Care,Medical,
MED058040,MEDICAL / Nursing / Emergency,Medical,
MED058050,MEDICAL / Nursing / Fundamentals & Skills,Medical,
MED058060,MEDICAL / Nursing / Gerontology,Medical,
MED058070,MEDICAL / Nursing / Home & Community Care,Medical,
MED058080,MEDICAL / Nursing / Pediatric & Neonatal,Medical,
MED058090,"MEDICAL / Nursing / Social, Ethical & Legal Issues",Medical,
MED058100,MEDICAL / Nursing / LPN & LVN,Medical,
MED058110,MEDICAL / Nursing / Management & Leadership,Medical,
MED058120,"MEDICAL / Nursing / Maternity, Perinatal, Women's Health",Medical,
MED058140,MEDICAL / Nursing / Nurse & Patient,Medical,
MED058150,MEDICAL / Nursing / Nutrition,Medical,
MED058160,MEDICAL / Nursing / Oncology & Cancer,Medical,
MED058170,MEDICAL / Nursing / Pharmacology,Medical,
MED058180,MEDICAL / Nursing / Psychiatric & Mental Health,Medical,
MED058190,MEDICAL / Nursing / Reference,Medical,
MED058200,MEDICAL / Nursing / Research & Theory,Medical,
MED058210,MEDICAL / Nursing / Test Preparation & Review (see also STUDY AIDS / NCLEX),Medical,
MED058220,MEDICAL / Nursing / Medical & Surgical,Medical,
MED058230,MEDICAL / Nursing / Palliative Care,Medical,
MED058240,MEDICAL / Nursing / Care Plans,Medical,
MED059000,MEDICAL / Nursing Home Care,Medical,
MED060000,MEDICAL / Nutrition,Medical,
MED061000,MEDICAL / Occupational & Industrial Medicine,Medical,
MED062000,MEDICAL / Oncology / General,Medical,
MED062010,MEDICAL / Oncology / Breast Cancer,Medical,
MED062020,MEDICAL / Oncology / Leukemia & Lymphoma,Medical,
MED062030,MEDICAL / Oncology / Lung Cancer,Medical,
MED062040,MEDICAL / Oncology / Pediatric,Medical,
MED062050,MEDICAL / Oncology / Prostate Cancer,Medical,
MED062060,MEDICAL / Oncology / Skin Cancer,Medical,
MED063000,MEDICAL / Ophthalmology,Medical,
MED064000,MEDICAL / Optometry,Medical,
MED065000,MEDICAL / Orthopedics,Medical,
MED066000,MEDICAL / Otolaryngology,Medical,
MED067000,MEDICAL / Pathology,Medical,
MED068000,MEDICAL / Pathophysiology,Medical,
MED069000,MEDICAL / Pediatrics,Medical,
MED070000,MEDICAL / Perinatology & Neonatology,Medical,
MED071000,MEDICAL / Pharmacology,Medical,
MED072000,MEDICAL / Pharmacy,Medical,
MED073000,MEDICAL / Physical Medicine & Rehabilitation,Medical,
MED074000,MEDICAL / Physician & Patient (incl. Narrative Medicine),Medical,
MED075000,MEDICAL / Physiology,Medical,
MED076000,MEDICAL / Preventive Medicine,Medical,
MED077000,MEDICAL / Prosthesis,Medical,
MED078000,MEDICAL / Public Health,Medical,
MED079000,MEDICAL / Pulmonary & Thoracic Medicine,Medical,
MED080000,"MEDICAL / Radiology, Radiotherapy & Nuclear Medicine",Medical,
MED081000,MEDICAL / Reference,Medical,
MED082000,MEDICAL / Reproductive Medicine & Technology,Medical,
MED083000,MEDICAL / Rheumatology,Medical,
MED084000,MEDICAL / Sports Medicine,Medical,
MED085000,MEDICAL / Surgery / General,Medical,
MED085010,MEDICAL / Surgery / Neurosurgery,Medical,
MED085020,MEDICAL / Surgery / Oral & Maxillofacial,Medical,
MED085030,MEDICAL / Surgery / Cosmetic & Reconstructive,Medical,
MED085040,MEDICAL / Surgery / Cardiothoracic,Medical,
MED085050,MEDICAL / Surgery / Vascular,Medical,
MED085060,MEDICAL / Surgery / Colon & Rectal,Medical,
MED085070,MEDICAL / Surgery / Transplant,Medical,
MED085080,MEDICAL / Surgery / Laparoscopic & Robotic,Medical,
MED085090,MEDICAL / Surgery / Abdominal,Medical,
MED085100,MEDICAL / Surgery / Eye,Medical,
MED085110,MEDICAL / Surgery / Oncology,Medical,
MED085120,MEDICAL / Surgery / Orthopedic,Medical,
MED085130,MEDICAL / Surgery / Otolaryngology,Medical,
MED085140,MEDICAL / Surgery / Pediatric,Medical,
MED085150,MEDICAL / Surgery / Reproductive & Urological,Medical,
MED086000,MEDICAL / Test Preparation & Review,Medical,
MED087000,MEDICAL / Transportation,Medical,
MED088000,MEDICAL / Urology,Medical,
MED089000,MEDICAL / Veterinary Medicine / General,Medical,
MED089010,MEDICAL / Veterinary Medicine / Equine,Medical,
MED089020,MEDICAL / Veterinary Medicine / Food Animal,Medical,
MED089030,MEDICAL / Veterinary Medicine / Small Animal,Medical,
MED089040,MEDICAL / Veterinary Medicine / Dentistry,Medical,
MED089050,MEDICAL / Veterinary Medicine / Surgery,Medical,
MED090000,MEDICAL / Biostatistics,Medical,
MED091000,MEDICAL / Nosology,Medical,
MED092000,MEDICAL / Osteopathy,Medical,
MED093000,MEDICAL / Pain Management,Medical,
MED094000,MEDICAL / Pediatric Emergencies,Medical,
MED095000,MEDICAL / Practice Management & Reimbursement,Medical,
MED096000,MEDICAL / Toxicology,Medical,
MED097000,MEDICAL / Tropical Medicine,Medical,
MED098000,MEDICAL / Diagnostic Imaging / Ultrasonography,Medical,
MED100000,MEDICAL / Podiatry,Medical,
MED101000,MEDICAL / Atlases,Medical,
MED102000,MEDICAL / Mental Health,Medical,
MED103000,MEDICAL / Parasitology,Medical,
MED104000,MEDICAL / Physicians,Medical,
MED105000,MEDICAL / Psychiatry / General,Medical,
MED105010,MEDICAL / Psychiatry / Child & Adolescent,Medical,
MED105020,MEDICAL / Psychiatry / Psychopharmacology,Medical,
MED106000,MEDICAL / Research,Medical,
MED107000,MEDICAL / Genetics,Medical,
MED108000,MEDICAL / Instruments & Supplies,Medical,
MED109000,MEDICAL / Essays,Medical,
MED110000,MEDICAL / Histology,Medical,
MED111000,MEDICAL / Bariatrics,Medical,
MED112000,MEDICAL / Evidence-Based Medicine,Medical,
MED113000,MEDICAL / Long-Term Care,Medical,
MED114000,MEDICAL / Hepatology,Medical,
MED115000,MEDICAL / Infection Control,Medical,
MED116000,MEDICAL / Environmental Health,Medical,
MED117000,MEDICAL / Informatics,Medical,
MED118000,MEDICAL / Military Medicine,Medical,
MED119000,MEDICAL / Sleep Medicine,Medical,
MED120000,MEDICAL / Telemedicine,Medical,
MED121000,MEDICAL / Regenerative Medicine,Medical,
MED122000,MEDICAL / Indigenous Health & Healing,Medical,
MED123000,MEDICAL / Multicultural Medicine,Medical,
MED124000,MEDICAL / Precision Medicine,Medical,
MUS000000,MUSIC / General,Music,
MUS001000,MUSIC / Instruction & Study / Appreciation,Music,
MUS002000,MUSIC / Genres & Styles / Ballet,Music,
MUS003000,MUSIC / Genres & Styles / Blues,Music,
MUS004000,MUSIC / Business Aspects,Music,
MUS005000,MUSIC / Genres & Styles / Chamber,Music,
MUS006000,MUSIC / Genres & Styles / Classical,Music,
MUS007000,MUSIC / Instruction & Study / Composition,Music,
MUS008000,MUSIC / Instruction & Study / Conducting,Music,
MUS009000,MUSIC / Religious / Contemporary Christian,Music,
MUS010000,MUSIC / Genres & Styles / Country & Bluegrass,Music,
MUS011000,MUSIC / Genres & Styles / Dance,Music,
MUS012000,MUSIC / Discography & Buyer's Guides,Music,
MUS013000,MUSIC / Genres & Styles / Electronic,Music,
MUS014000,MUSIC / Regional & Cultural,Music,
MUS015000,MUSIC / Ethnomusicology,Music,
MUS016000,MUSIC / Instruction & Study / Exercises,Music,
MUS017000,MUSIC / Genres & Styles / Folk & Traditional,Music,
MUS018000,MUSIC / Religious / Gospel,Music,
MUS019000,MUSIC / Genres & Styles / Heavy Metal,Music,
MUS020000,MUSIC / History & Criticism,Music,
MUS021000,MUSIC / Religious / Hymns,Music,
MUS022000,MUSIC / Instruction & Study / General,Music,
MUS023000,MUSIC / Musical Instruments / General,Music,
MUS023010,MUSIC / Musical Instruments / Brass,Music,
MUS023020,MUSIC / Musical Instruments / Percussion,Music,
MUS023030,MUSIC / Musical Instruments / Piano & Keyboard,Music,
MUS023040,MUSIC / Musical Instruments / Strings,Music,
MUS023050,MUSIC / Musical Instruments / Woodwinds,Music,
MUS023060,MUSIC / Musical Instruments / Guitar,Music,
MUS024000,MUSIC / Genres & Styles / International,Music,
MUS025000,MUSIC / Genres & Styles / Jazz,Music,
MUS026000,MUSIC / Genres & Styles / Children's,Music,
MUS027000,MUSIC / Genres & Styles / New Age,Music,
MUS028000,MUSIC / Genres & Styles / Opera,Music,
MUS029000,MUSIC / Genres & Styles / Pop Vocal,Music,
MUS030000,MUSIC / Genres & Styles / Punk,Music,
MUS031000,MUSIC / Genres & Styles / Rap & Hip Hop,Music,
MUS032000,MUSIC / Recording & Reproduction,Music,
MUS033000,MUSIC / Reference,Music,
MUS035000,MUSIC / Genres & Styles / Rock,Music,
MUS036000,MUSIC / Genres & Styles / Latin (Hispanic & Latino),Music,
MUS037000,MUSIC / Printed Music / General,Music,
MUS037010,MUSIC / Printed Music / Artist Specific,Music,
MUS037020,MUSIC / Printed Music / Band & Orchestra,Music,
MUS037030,MUSIC / Printed Music / Choral,Music,
MUS037040,MUSIC / Printed Music / Guitar & Fretted Instruments,Music,
MUS037050,MUSIC / Printed Music / Mixed Collections,Music,
MUS037060,"MUSIC / Printed Music / Musicals, Film & TV",Music,
MUS037070,MUSIC / Printed Music / Opera & Classical Scores,Music,
MUS037080,MUSIC / Printed Music / Percussion,Music,
MUS037090,MUSIC / Printed Music / Piano & Keyboard Repertoire,Music,
MUS037100,MUSIC / Printed Music / Piano-Vocal-Guitar,Music,
MUS037110,MUSIC / Printed Music / Vocal,Music,
MUS037120,MUSIC / Printed Music / Brass,Music,
MUS037130,MUSIC / Printed Music / Strings,Music,
MUS037140,MUSIC / Printed Music / Woodwinds,Music,
MUS038000,MUSIC / Instruction & Study / Songwriting,Music,
MUS039000,MUSIC / Genres & Styles / Soul & R 'n B,Music,
MUS040000,MUSIC / Instruction & Study / Techniques,Music,
MUS041000,MUSIC / Instruction & Study / Theory,Music,
MUS042000,MUSIC / Instruction & Study / Voice,Music,
MUS045000,MUSIC / Genres & Styles / Military & Marches,Music,
MUS046000,MUSIC / Genres & Styles / Musicals,Music,
MUS047000,MUSIC / Genres & Styles / Reggae,Music,
MUS048000,MUSIC / Religious / General,Music,
MUS048010,MUSIC / Religious / Christian,Music,
MUS048020,MUSIC / Religious / Jewish,Music,
MUS048030,MUSIC / Religious / Muslim,Music,
MUS049000,MUSIC / Genres & Styles / General,Music,
MUS050000,MUSIC / Individual Composer & Musician,Music,
MUS051000,MUSIC / Genres & Styles / Choral,Music,
MUS052000,MUSIC / Lyrics,Music,
MUS053000,MUSIC / Genres & Styles / Big Band & Swing,Music,
MUS054000,MUSIC / Philosophy & Social Aspects,Music,
MUS055000,MUSIC / Essays,Music,
MUS056000,MUSIC / Indigenous,Music,
MUS057000,MUSIC / African American & Black,Music,
NAT000000,NATURE / General,Nature,
NAT001000,NATURE / Animals / General,Nature,
NAT002000,NATURE / Animals / Primates,Nature,
NAT003000,NATURE / Animals / Bears,Nature,
NAT004000,NATURE / Birdwatching Guides,Nature,
NAT005000,NATURE / Animals / Butterflies & Moths,Nature,
NAT007000,NATURE / Animals / Dinosaurs & Prehistoric Creatures,Nature,
NAT009000,NATURE / Earthquakes & Volcanoes,Nature,
NAT010000,NATURE / Ecology,Nature,
NAT011000,NATURE / Environmental Conservation & Protection,Nature,
NAT012000,NATURE / Animals / Fish,Nature,
NAT013000,NATURE / Plants / Flowers,Nature,
NAT014000,NATURE / Ecosystems & Habitats / Forests & Rainforests,Nature,
NAT015000,NATURE / Fossils,Nature,
NAT016000,NATURE / Animals / Horses,Nature,
NAT017000,NATURE / Animals / Insects & Spiders,Nature,
NAT018000,"NATURE / Ecosystems & Habitats / Lakes, Ponds & Swamps",Nature,
NAT019000,NATURE / Animals / Mammals,Nature,
NAT020000,NATURE / Animals / Marine Life,Nature,
NAT022000,NATURE / Fungi & Mushrooms,Nature,
NAT023000,NATURE / Natural Disasters,Nature,
NAT024000,NATURE / Essays,Nature,
NAT025000,NATURE / Ecosystems & Habitats / Oceans & Seas,Nature,
NAT026000,NATURE / Plants / General,Nature,
NAT027000,NATURE / Reference,Nature,
NAT028000,NATURE / Animals / Reptiles & Amphibians,Nature,
NAT029000,NATURE / Ecosystems & Habitats / Rivers,Nature,
NAT030000,NATURE / Rocks & Minerals,Nature,
NAT031000,NATURE / Seashells,Nature,
NAT032000,NATURE / Seasons,Nature,
NAT033000,NATURE / Sky Observation,Nature,
NAT034000,NATURE / Plants / Trees,Nature,
NAT036000,NATURE / Weather,Nature,
NAT037000,NATURE / Animals / Wildlife,Nature,
NAT038000,NATURE / Natural Resources,Nature,
NAT039000,NATURE / Animal Rights,Nature,
NAT041000,NATURE / Ecosystems & Habitats / Mountains,Nature,
NAT042000,NATURE / Animals / Big Cats,Nature,
NAT043000,NATURE / Animals / Birds,Nature,
NAT044000,NATURE / Animals / Wolves,Nature,
NAT045000,NATURE / Ecosystems & Habitats / General,Nature,
NAT045010,NATURE / Ecosystems & Habitats / Deserts,Nature,
NAT045020,NATURE / Ecosystems & Habitats / Plains & Prairies,Nature,
NAT045030,NATURE / Ecosystems & Habitats / Polar Regions,Nature,
NAT045040,NATURE / Ecosystems & Habitats / Wilderness,Nature,
NAT045050,NATURE / Ecosystems & Habitats / Coastal Regions & Shorelines,Nature,
NAT045060,NATURE / Ecosystems & Habitats / Caves,Nature,
NAT045070,NATURE / Ecosystems & Habitats / Tropical Regions,Nature,
NAT045080,NATURE / Ecosystems & Habitats / Urban & Suburban,Nature,
NAT046000,NATURE / Endangered & Extinct Species,Nature,
NAT047000,NATURE / Plants / Aquatic,Nature,
NAT048000,NATURE / Plants / Cacti & Succulents,Nature,
NAT049000,NATURE / Regional / General,Nature,
NAT049010,NATURE / Regional / Africa,Nature,
NAT049020,NATURE / Regional / Asia,Nature,
NAT049030,NATURE / Regional / Australia & Oceania,Nature,
NAT049040,NATURE / Regional / Canada / General,Nature,
NAT049050,"NATURE / Regional / Canada / Atlantic Provinces (NB, NL, NS, PE)",Nature,
NAT049060,"NATURE / Regional / Canada / Northern Territories (NT, NU, YT)",Nature,
NAT049070,NATURE / Regional / Canada / Ontario (ON),Nature,
NAT049080,"NATURE / Regional / Canada / Prairie Provinces (MB, SK)",Nature,
NAT049090,NATURE / Regional / Canada / Quebec (QC),Nature,
NAT049100,"NATURE / Regional / Canada / Western Provinces (AB, BC)",Nature,
NAT049110,NATURE / Regional / Caribbean,Nature,
NAT049120,NATURE / Regional / Central & South America,Nature,
NAT049130,NATURE / Regional / Europe,Nature,
NAT049140,NATURE / Regional / North America,Nature,
NAT049150,NATURE / Regional / United States / General,Nature,
NAT049160,NATURE / Regional / United States / Midwest,Nature,
NAT049170,NATURE / Regional / United States / Northeast,Nature,
NAT049180,NATURE / Regional / United States / South,Nature,
NAT049190,NATURE / Regional / United States / West,Nature,
NAT050000,NATURE / Cultural Botany,Nature,
NAT051000,NATURE / Foraging,Nature,
NAT052000,NATURE / Indigenous Stewardship,Nature,
NAT053000,NATURE / Animals / Bees & Wasps,Nature,
NON000000,NON-CLASSIFIABLE,Other Nonfiction,
OCC000000,"MIND, BODY, SPIRIT / General",Body mind & spirit,
OCC002000,"MIND, BODY, SPIRIT / Astrology / General",Body mind & spirit,
OCC003000,"MIND, BODY, SPIRIT / Channeling & Mediumship",Metaphysics,
OCC004000,"MIND, BODY, SPIRIT / Crystals",Body mind & spirit,
OCC005000,"MIND, BODY, SPIRIT / Divination / General",Body mind & spirit,
OCC006000,"MIND, BODY, SPIRIT / Dreams",Metaphysics,
OCC007000,"MIND, BODY, SPIRIT / Psychic Phenomena / ESP (Clairvoyance, Precognition, Telepathy)",Metaphysics,
OCC008000,"MIND, BODY, SPIRIT / Divination / Fortune Telling",Body mind & spirit,
OCC009000,"MIND, BODY, SPIRIT / Astrology / Horoscopes",Body mind & spirit,
OCC010000,"MIND, BODY, SPIRIT / Mindfulness & Meditation",Body mind & spirit,
OCC011000,"MIND, BODY, SPIRIT / Healing / General",Body mind & spirit,
OCC011010,"MIND, BODY, SPIRIT / Healing / Energy (Auras, Chakras, Qigong, Reiki)",Body mind & spirit,
OCC011020,"MIND, BODY, SPIRIT / Healing / Prayer & Spiritual",Body mind & spirit,
OCC011030,"MIND, BODY, SPIRIT / Healing / Ancestral",Body mind & spirit,
OCC012000,"MIND, BODY, SPIRIT / Mysticism",Body mind & spirit,
OCC014000,"MIND, BODY, SPIRIT / New Thought",Body mind & spirit,
OCC015000,"MIND, BODY, SPIRIT / Numerology",Body mind & spirit,
OCC016000,"MIND, BODY, SPIRIT / Occultism",Body mind & spirit,
OCC017000,"MIND, BODY, SPIRIT / Divination / Palmistry",Body mind & spirit,
OCC018000,"MIND, BODY, SPIRIT / Psychic Phenomena / General",Metaphysics,
OCC019000,"MIND, BODY, SPIRIT / Inspiration & Personal Growth",Body mind & spirit,
OCC020000,"MIND, BODY, SPIRIT / Prophecy",Metaphysics,
OCC021000,"MIND, BODY, SPIRIT / Reference",Body mind & spirit,
OCC022000,"MIND, BODY, SPIRIT / Afterlife & Reincarnation",Metaphysics,
OCC023000,"MIND, BODY, SPIRIT / Supernatural & Unexplained / General",Metaphysics,
OCC024000,"MIND, BODY, SPIRIT / Divination / Tarot",Body mind & spirit,
OCC025000,"MIND, BODY, SPIRIT / Supernatural & Unexplained / UFOs, UAPs & Extraterrestrials",Metaphysics,
OCC026000,"MIND, BODY, SPIRIT / Witchcraft (see also RELIGION / Wicca)",Body mind & spirit,
OCC027000,"MIND, BODY, SPIRIT / Spiritualism",Body mind & spirit,
OCC028000,"MIND, BODY, SPIRIT / Magick Studies",Body mind & spirit,
OCC030000,"MIND, BODY, SPIRIT / Astrology / Chinese",Body mind & spirit,
OCC031000,"MIND, BODY, SPIRIT / Supernatural & Unexplained / Ancient Mysteries & Debated Perspectives",Metaphysics,
OCC032000,"MIND, BODY, SPIRIT / Angels & Spirit Guides",Body mind & spirit,
OCC033000,"MIND, BODY, SPIRIT / Gaia & Earth Energies",Body mind & spirit,
OCC034000,"MIND, BODY, SPIRIT / Psychic Phenomena / Near-Death Experience",Metaphysics,
OCC035000,"MIND, BODY, SPIRIT / Psychic Phenomena / Out-of-Body Experience",Metaphysics,
OCC036010,"MIND, BODY, SPIRIT / Celtic Spirituality",Body mind & spirit,
OCC036030,"MIND, BODY, SPIRIT / Shamanism",Body mind & spirit,
OCC036050,"MIND, BODY, SPIRIT / Goddess Worship",Body mind & spirit,
OCC037000,"MIND, BODY, SPIRIT / Feng Shui",Body mind & spirit,
OCC038000,"MIND, BODY, SPIRIT / I Ching",Body mind & spirit,
OCC039000,"MIND, BODY, SPIRIT / Entheogens & Visionary Substances",Body mind & spirit,
OCC040000,"MIND, BODY, SPIRIT / Hermetism & Rosicrucianism",Body mind & spirit,
OCC041000,"MIND, BODY, SPIRIT / Sacred Sexuality",Body mind & spirit,
OCC042000,"MIND, BODY, SPIRIT / Alchemy",Body mind & spirit,
OCC043000,"MIND, BODY, SPIRIT / Nature Therapy (incl. Grounding & Earthing)",Body mind & spirit,
OCC044000,"MIND, BODY, SPIRIT / Ayurveda",Body mind & spirit,
OCC045000,"MIND, BODY, SPIRIT / Divination / Runes",Body mind & spirit,
OCC046000,"MIND, BODY, SPIRIT / Human Design",Body mind & spirit,
OCC047000,"MIND, BODY, SPIRIT / Sacred Geometry",Body mind & spirit,
OCC048000,"MIND, BODY, SPIRIT / Astrology / Vedic",Body mind & spirit,
OCC049000,"MIND, BODY, SPIRIT / Divination / Dowsing (incl. Pendulum)",Body mind & spirit,
OCC050000,"MIND, BODY, SPIRIT / Empaths & Highly Sensitive People",Body mind & spirit,
OCC051000,"MIND, BODY, SPIRIT / Manifestation & Law of Attraction",Body mind & spirit,
OCC052000,"MIND, BODY, SPIRIT / Moon Energies",Body mind & spirit,
OCC053000,"MIND, BODY, SPIRIT / Shadow Work",Body mind & spirit,
OCC054000,"MIND, BODY, SPIRIT / Signs & Symbols",Body mind & spirit,
OCC055000,"MIND, BODY, SPIRIT / Spiritual Herbalism & Herbal Magic",Body mind & spirit,
OCC056000,"MIND, BODY, SPIRIT / Supernatural & Unexplained / Ghosts & Hauntings",Metaphysics,
OCC057000,"MIND, BODY, SPIRIT / Supernatural & Unexplained / Mythical & Legendary Beings, Monsters & Creatures",Metaphysics,
OCC058000,"MIND, BODY, SPIRIT / Superstitions",Body mind & spirit,
PER000000,PERFORMING ARTS / General,Performing Arts,
PER001000,PERFORMING ARTS / Acting & Auditioning,Performing Arts,
PER002000,PERFORMING ARTS / Circus,Performing Arts,
PER003000,PERFORMING ARTS / Dance / General,Performing Arts,
PER003010,PERFORMING ARTS / Dance / Classical & Ballet,Performing Arts,
PER003020,PERFORMING ARTS / Dance / Folk,Performing Arts,
PER003030,PERFORMING ARTS / Dance / Jazz,Performing Arts,
PER003040,PERFORMING ARTS / Dance / Modern,Performing Arts,
PER003050,PERFORMING ARTS / Dance / Choreography & Dance Notation,Performing Arts,
PER003060,PERFORMING ARTS / Dance / Popular,Performing Arts,
PER003070,PERFORMING ARTS / Dance / Reference,Performing Arts,
PER003080,PERFORMING ARTS / Dance / Tap,Performing Arts,
PER003090,PERFORMING ARTS / Dance / Ballroom,Performing Arts,
PER003100,PERFORMING ARTS / Dance / History & Criticism,Performing Arts,
PER004000,PERFORMING ARTS / Film / General,Film & TV,
PER004010,PERFORMING ARTS / Film / Direction & Production,Film & TV,
PER004020,PERFORMING ARTS / Film / Guides & Reviews,Film & TV,
PER004030,PERFORMING ARTS / Film / History & Criticism,Film & TV,
PER004040,PERFORMING ARTS / Film / Reference,Film & TV,
PER004050,PERFORMING ARTS / Film / Screenwriting,Film & TV,
PER004060,PERFORMING ARTS / Film / Genres / General,Film & TV,
PER004070,PERFORMING ARTS / Film / Genres / Action & Adventure,Film & TV,
PER004080,PERFORMING ARTS / Film / Genres / Animated,Film & TV,
PER004090,PERFORMING ARTS / Film / Genres / Comedy,Film & TV,
PER004100,PERFORMING ARTS / Film / Genres / Crime,Film & TV,
PER004110,PERFORMING ARTS / Film / Genres / Documentary,Film & TV,
PER004120,PERFORMING ARTS / Film / Genres / Historical,Film & TV,
PER004130,PERFORMING ARTS / Film / Genres / Horror,Film & TV,
PER004140,PERFORMING ARTS / Film / Genres / Science Fiction & Fantasy,Film & TV,
PER004150,PERFORMING ARTS / Film / Genres / Westerns,Film & TV,
PER004160,PERFORMING ARTS / Film / Regional & National,Film & TV,
PER004170,PERFORMING ARTS / Film / Genres / Musicals,Film & TV,
PER004180,PERFORMING ARTS / Film / Genres / Superheroes,Film & TV,
PER006000,PERFORMING ARTS / Theater / Miming,Performing Arts,
PER007000,PERFORMING ARTS / Puppets & Puppetry,Performing Arts,
PER008000,PERFORMING ARTS / Radio / General,Performing Arts,
PER008010,PERFORMING ARTS / Radio / History & Criticism,Performing Arts,
PER008020,PERFORMING ARTS / Radio / Reference,Performing Arts,
PER009000,PERFORMING ARTS / Reference,Performing Arts,
PER010000,PERFORMING ARTS / Television / General,Film & TV,
PER010010,PERFORMING ARTS / Television / Direction & Production,Film & TV,
PER010020,PERFORMING ARTS / Television / Guides & Reviews,Film & TV,
PER010030,PERFORMING ARTS / Television / History & Criticism,Film & TV,
PER010040,PERFORMING ARTS / Television / Reference,Film & TV,
PER010050,PERFORMING ARTS / Television / Screenwriting,Film & TV,
PER010060,PERFORMING ARTS / Television / Genres / General,Film & TV,
PER010070,PERFORMING ARTS / Television / Genres / Children's,Film & TV,
PER010080,PERFORMING ARTS / Television / Genres / Comedy,Film & TV,
PER010090,PERFORMING ARTS / Television / Genres / Drama,Film & TV,
PER010100,"PERFORMING ARTS / Television / Genres / Reality, Game Shows & Talk Shows",Film & TV,
PER010110,"PERFORMING ARTS / Television / Genres / Science Fiction, Fantasy & Horror",Film & TV,
PER010120,PERFORMING ARTS / Television / Genres / Animated,Film & TV,
PER010130,PERFORMING ARTS / Television / Genres / Documentary,Film & TV,
PER010140,PERFORMING ARTS / Television / Genres / Superheroes,Film & TV,
PER011000,PERFORMING ARTS / Theater / General,Performing Arts,
PER011010,PERFORMING ARTS / Theater / Direction & Production,Performing Arts,
PER011020,PERFORMING ARTS / Theater / History & Criticism,Performing Arts,
PER011030,PERFORMING ARTS / Theater / Playwriting,Performing Arts,
PER011040,PERFORMING ARTS / Theater / Stagecraft & Scenography,Performing Arts,
PER011050,PERFORMING ARTS / Theater / Dramaturgy,Performing Arts,
PER011060,PERFORMING ARTS / Theater / Reference,Performing Arts,
PER011070,PERFORMING ARTS / Theater / Regional & National,Performing Arts,
PER013000,PERFORMING ARTS / Theater / Broadway & Musicals,Performing Arts,
PER014000,PERFORMING ARTS / Business Aspects,Performing Arts,
PER015000,PERFORMING ARTS / Comedy,Performing Arts,
PER016000,PERFORMING ARTS / Screenplays,Film & TV,
PER017000,PERFORMING ARTS / Animation (see also Film / Genres / Animated),Film & TV,
PER018000,PERFORMING ARTS / Individual Director (see also BIOGRAPHY & AUTOBIOGRAPHY / Entertainment & Performing Arts),Performing Arts,
PER019000,PERFORMING ARTS / Storytelling,Performing Arts,
PER021000,PERFORMING ARTS / Dance / Regional & Cultural,Performing Arts,
PER022000,PERFORMING ARTS / Improvisation,Performing Arts,
PER023000,PERFORMING ARTS / Voice Acting,Film & TV,
PER024000,PERFORMING ARTS / Drag,Performing Arts,
PET000000,PETS / General,Pets,
PET002000,PETS / Birds,Pets,
PET003000,PETS / Cats / General,Pets,
PET003010,PETS / Cats / Breeds,Pets,
PET004000,PETS / Dogs / General,Pets,
PET004010,PETS / Dogs / Breeds,Pets,
PET004020,PETS / Dogs / Training & Showing,Pets,
PET005000,PETS / Fish & Aquariums,Pets,
PET006000,PETS / Horses,Pets,
PET008000,PETS / Reference,Pets,
PET009000,"PETS / Reptiles, Amphibians & Terrariums",Pets,
PET010000,PETS / Essays & Narratives,Pets,
PET011000,"PETS / Rabbits, Mice, Hamsters, Guinea Pigs, etc.",Pets,
PET012000,PETS / Food & Nutrition,Pets,
PET013000,PETS / Insects & Spiders,Pets,
PHI000000,PHILOSOPHY / General,Philosophy,
PHI001000,PHILOSOPHY / Aesthetics,Philosophy,
PHI002000,PHILOSOPHY / History & Surveys / Ancient & Classical,Philosophy,
PHI003000,PHILOSOPHY / Asian,Philosophy,
PHI004000,PHILOSOPHY / Epistemology,Philosophy,
PHI005000,PHILOSOPHY / Ethics & Moral Philosophy,Ethics & Moral Philosophy,
PHI006000,PHILOSOPHY / Movements / Existentialism,Philosophy,
PHI007000,PHILOSOPHY / Free Will & Determinism,Philosophy,
PHI008000,PHILOSOPHY / Good & Evil,Philosophy,
PHI009000,PHILOSOPHY / History & Surveys / General,Philosophy,
PHI010000,PHILOSOPHY / Movements / Humanism,Philosophy,
PHI011000,PHILOSOPHY / Logic,Philosophy,
PHI012000,PHILOSOPHY / History & Surveys / Medieval,Philosophy,
PHI013000,PHILOSOPHY / Metaphysics,Philosophy,
PHI014000,PHILOSOPHY / Methodology,Philosophy,
PHI015000,PHILOSOPHY / Mind & Body,Philosophy,
PHI016000,PHILOSOPHY / History & Surveys / Modern,Philosophy,
PHI018000,PHILOSOPHY / Movements / Phenomenology,Philosophy,
PHI019000,PHILOSOPHY / Political,Philosophy,
PHI020000,PHILOSOPHY / Movements / Pragmatism,Philosophy,
PHI021000,PHILOSOPHY / Reference,Philosophy,
PHI022000,PHILOSOPHY / Religious,Philosophy,
PHI023000,PHILOSOPHY / Taoist,Philosophy,
PHI025000,PHILOSOPHY / Zen,Philosophy,
PHI026000,PHILOSOPHY / Criticism,Philosophy,
PHI027000,PHILOSOPHY / Movements / Deconstruction,Philosophy,
PHI028000,PHILOSOPHY / Buddhist,Philosophy,
PHI029000,PHILOSOPHY / Movements / Structuralism,Philosophy,
PHI030000,PHILOSOPHY / Movements / Utilitarianism,Philosophy,
PHI031000,PHILOSOPHY / Movements / General,Philosophy,
PHI032000,PHILOSOPHY / Movements / Rationalism,Philosophy,
PHI033000,PHILOSOPHY / Hindu,Philosophy,
PHI034000,PHILOSOPHY / Social,Philosophy,
PHI035000,PHILOSOPHY / Essays,Philosophy,
PHI036000,PHILOSOPHY / Hermeneutics,Philosophy,
PHI037000,PHILOSOPHY / History & Surveys / Renaissance,Philosophy,
PHI038000,PHILOSOPHY / Language,Philosophy,
PHI039000,PHILOSOPHY / Movements / Analytic,Philosophy,
PHI040000,PHILOSOPHY / Movements / Critical Theory,Philosophy,
PHI041000,PHILOSOPHY / Movements / Empiricism,Philosophy,
PHI042000,PHILOSOPHY / Movements / Idealism,Philosophy,
PHI043000,PHILOSOPHY / Movements / Post-Structuralism,Philosophy,
PHI044000,PHILOSOPHY / Movements / Realism,Philosophy,
PHI045000,PHILOSOPHY / Movements / Transcendentalism,Philosophy,
PHI046000,PHILOSOPHY / Individual Philosophers,Philosophy,
PHI047000,PHILOSOPHY / African,Philosophy,
PHI048000,PHILOSOPHY / Environmental,Philosophy,
PHI049000,PHILOSOPHY / Nature,Philosophy,
PHI050000,PHILOSOPHY / Indigenous,Philosophy,
PHI051000,PHILOSOPHY / African American & Black,Philosophy,
PHI052000,PHILOSOPHY / Popular Culture,Philosophy,
PHO000000,PHOTOGRAPHY / General,Photography,
PHO001000,PHOTOGRAPHY / Subjects & Themes / Architectural & Industrial,Photography,
PHO003000,PHOTOGRAPHY / Business Aspects,Photography,
PHO004000,"PHOTOGRAPHY / Collections, Catalogs, Exhibitions / General",Photography,
PHO004010,"PHOTOGRAPHY / Collections, Catalogs, Exhibitions / Group Shows",Photography,
PHO004020,"PHOTOGRAPHY / Collections, Catalogs, Exhibitions / Permanent Collections",Photography,
PHO005000,PHOTOGRAPHY / Criticism,Photography,
PHO006000,PHOTOGRAPHY / Techniques / Darkroom,Photography,
PHO007000,PHOTOGRAPHY / Techniques / Equipment,Photography,
PHO009000,PHOTOGRAPHY / Subjects & Themes / Fashion,Photography,
PHO010000,PHOTOGRAPHY / History,Photography,
PHO011000,PHOTOGRAPHY / Individual Photographers / General,Photography,
PHO011010,PHOTOGRAPHY / Individual Photographers / Artists' Books,Photography,
PHO011020,PHOTOGRAPHY / Individual Photographers / Essays,Photography,
PHO011030,PHOTOGRAPHY / Individual Photographers / Monographs,Photography,
PHO012000,PHOTOGRAPHY / Techniques / Lighting,Photography,
PHO013000,PHOTOGRAPHY / Subjects & Themes / Plants & Animals,Photography,
PHO014000,PHOTOGRAPHY / Photoessays & Documentaries,Photography,
PHO015000,PHOTOGRAPHY / Photojournalism,Photography,
PHO016000,PHOTOGRAPHY / Subjects & Themes / Portraits & Selfies,Photography,
PHO017000,PHOTOGRAPHY / Reference,Photography,
PHO018000,PHOTOGRAPHY / Techniques / General,Photography,
PHO019000,PHOTOGRAPHY / Subjects & Themes / Regional (see also TRAVEL / Pictorials),Photography,
PHO020000,PHOTOGRAPHY / Techniques / Color,Photography,
PHO021000,PHOTOGRAPHY / Commercial,Photography,
PHO022000,PHOTOGRAPHY / Techniques / Cinematography & Videography,Photography,
PHO023000,PHOTOGRAPHY / Subjects & Themes / General,Photography,
PHO023010,PHOTOGRAPHY / Subjects & Themes / Aerial,Photography,
PHO023020,PHOTOGRAPHY / Subjects & Themes / Children,Photography,
PHO023030,PHOTOGRAPHY / Subjects & Themes / Erotica,Photography,
PHO023040,PHOTOGRAPHY / Subjects & Themes / Landscapes,Photography,
PHO023050,PHOTOGRAPHY / Subjects & Themes / Nudes,Photography,
PHO023060,PHOTOGRAPHY / Subjects & Themes / Sports,Photography,
PHO023070,PHOTOGRAPHY / Subjects & Themes / Celebrations & Events,Photography,
PHO023080,PHOTOGRAPHY / Subjects & Themes / Celebrity,Photography,
PHO023090,PHOTOGRAPHY / Subjects & Themes / Lifestyles,Photography,
PHO023100,PHOTOGRAPHY / Subjects & Themes / Historical,Photography,
PHO023110,PHOTOGRAPHY / Subjects & Themes / Food,Photography,
PHO023120,PHOTOGRAPHY / Subjects & Themes / Street Photography,Photography,
PHO023130,PHOTOGRAPHY / Subjects & Themes / Underwater,Photography,
PHO024000,"PHOTOGRAPHY / Techniques / Digital (see also COMPUTERS / Design, Graphics & Media / Photography)",Photography,
PHO025000,PHOTOGRAPHY / Annuals,Photography,
PHO026000,PHOTOGRAPHY / Astrophotography,Photography,
PHO027000,PHOTOGRAPHY / Forensic,Photography,
POE000000,POETRY / General,,Poetry
POE001000,POETRY / Anthologies (multiple authors),,Poetry
POE003000,POETRY / Subjects & Themes / Religious,,Poetry
POE005010,POETRY / American,,Poetry
POE005020,"POETRY / European / English, Irish, Scottish, Welsh",,Poetry
POE005030,POETRY / European / General,,Poetry
POE005050,POETRY / African American & Black,,Poetry
POE005060,POETRY / Asian American & Pacific Islander,,Poetry
POE005070,POETRY / Hispanic & Latino,,Poetry
POE007000,POETRY / African,,Poetry
POE008000,POETRY / Ancient & Classical,,Poetry
POE009000,POETRY / Asian / General,,Poetry
POE009010,POETRY / Asian / Chinese,,Poetry
POE009020,POETRY / Asian / Japanese,,Poetry
POE010000,POETRY / Australian & Oceanian,,Poetry
POE011000,POETRY / Canadian,,Poetry
POE011010,POETRY / Indigenous Peoples of Turtle Island,,Poetry
POE012000,POETRY / Caribbean & Latin American,,Poetry
POE013000,POETRY / Middle Eastern,,Poetry
POE014000,POETRY / Epic,,Poetry
POE015000,POETRY / Native American,,Poetry
POE016000,POETRY / Russian & Soviet,,Poetry
POE017000,POETRY / European / French,,Poetry
POE018000,POETRY / European / German,,Poetry
POE019000,POETRY / European / Italian,,Poetry
POE020000,POETRY / European / Spanish & Portuguese,,Poetry
POE021000,POETRY / LGBTQ+,,Poetry
POE022000,POETRY / Medieval,,Poetry
POE023000,POETRY / Subjects & Themes / General,,Poetry
POE023010,"POETRY / Subjects & Themes / Death, Grief, Loss",,Poetry
POE023020,POETRY / Subjects & Themes / Love & Erotica,,Poetry
POE023030,POETRY / Subjects & Themes / Animals & Nature,,Poetry
POE023040,POETRY / Subjects & Themes / Places,,Poetry
POE023050,POETRY / Subjects & Themes / Family,,Poetry
POE023060,POETRY / Subjects & Themes / Political & Protest,,Poetry
POE023070,POETRY / Subjects & Themes / War,,Poetry
POE023080,POETRY / Subjects & Themes / Motivational & Inspirational,,Poetry
POE023090,POETRY / Subjects & Themes / Disability,,Poetry
POE023100,POETRY / Subjects & Themes / Diversity & Multicultural,,Poetry
POE024000,POETRY / Women Authors,,Poetry
POE025000,POETRY / Haiku,,Poetry
POE026000,POETRY / Shakespeare,,Poetry
POE027000,POETRY / European / Eastern,,Poetry
POE028000,POETRY / Jewish,,Poetry
POE029000,POETRY / Sonnets,,Poetry
POE030000,POETRY / Indigenous,,Poetry
POE031000,POETRY / Spoken Word & Performance,,Poetry
POL000000,POLITICAL SCIENCE / General,Political Science,
POL001000,POLITICAL SCIENCE / International Relations / Arms Control,Political Science,
POL002000,POLITICAL SCIENCE / Public Policy / City Planning & Urban Development,Political Science,
POL003000,POLITICAL SCIENCE / Civics & Citizenship,Political Science,
POL004000,POLITICAL SCIENCE / Civil Rights,Political Science,
POL005000,"POLITICAL SCIENCE / Political Ideologies / Communism, Post-Communism & Socialism",Political Science,
POL006000,POLITICAL SCIENCE / American Government / Legislative Branch,Political Science,
POL007000,POLITICAL SCIENCE / Political Ideologies / Democracy,Political Science,
POL008000,POLITICAL SCIENCE / Political Process / Campaigns & Elections,Political Science,
POL009000,POLITICAL SCIENCE / Comparative Politics,Political Science,
POL010000,POLITICAL SCIENCE / History & Theory,Political Science,
POL011000,POLITICAL SCIENCE / International Relations / General,Political Science,
POL011010,POLITICAL SCIENCE / International Relations / Diplomacy,Political Science,
POL011020,POLITICAL SCIENCE / International Relations / Trade & Tariffs,Political Science,
POL012000,POLITICAL SCIENCE / Security (National & International),Political Science,
POL013000,POLITICAL SCIENCE / Labor & Industrial Relations,Political Science,
POL014000,POLITICAL SCIENCE / Law Enforcement,Political Science,
POL015000,POLITICAL SCIENCE / Political Process / Political Parties,Political Science,
POL016000,POLITICAL SCIENCE / Political Process / General,Political Science,
POL017000,POLITICAL SCIENCE / Public Affairs & Administration,Political Science,
POL018000,POLITICAL SCIENCE / Reference,Political Science,
POL019000,POLITICAL SCIENCE / Public Policy / Social Services & Welfare,Political Science,
POL020000,POLITICAL SCIENCE / American Government / State,Political Science,
POL021000,POLITICAL SCIENCE / International Relations / Treaties,Political Science,
POL022000,POLITICAL SCIENCE / Constitutions,Political Science,
POL023000,POLITICAL SCIENCE / Political Economy,Political Science,
POL024000,POLITICAL SCIENCE / Public Policy / Economic Policy,Political Science,
POL026000,POLITICAL SCIENCE / Public Policy / Regional Planning,Political Science,
POL027000,POLITICAL SCIENCE / Public Policy / Social Security,Political Science,
POL028000,POLITICAL SCIENCE / Public Policy / General,Political Science,
POL029000,POLITICAL SCIENCE / Public Policy / Social Policy,Political Science,
POL030000,POLITICAL SCIENCE / American Government / National,Political Science,
POL031000,POLITICAL SCIENCE / Political Ideologies / Nationalism & Patriotism,Political Science,
POL032000,POLITICAL SCIENCE / Essays,Political Science,
POL033000,POLITICAL SCIENCE / Globalization,Political Science,
POL034000,POLITICAL SCIENCE / Peace,Political Science,
POL035000,POLITICAL SCIENCE / Political Freedom,Political Science,
POL035010,POLITICAL SCIENCE / Human Rights,Political Science,
POL036000,POLITICAL SCIENCE / Intelligence & Espionage,Political Science,
POL037000,POLITICAL SCIENCE / Terrorism,Political Science,
POL038000,POLITICAL SCIENCE / Public Policy / Cultural Policy,Political Science,
POL039000,POLITICAL SCIENCE / Censorship,Political Science,
POL040000,POLITICAL SCIENCE / American Government / General,Political Science,
POL040010,POLITICAL SCIENCE / American Government / Executive Branch,Political Science,
POL040020,POLITICAL SCIENCE / World / General,Political Science,
POL040030,POLITICAL SCIENCE / American Government / Judicial Branch,Political Science,
POL040040,POLITICAL SCIENCE / American Government / Local,Political Science,
POL041000,POLITICAL SCIENCE / NGOs (Non-Governmental Organizations),Political Science,
POL042000,POLITICAL SCIENCE / Political Ideologies / General,Political Science,
POL042010,POLITICAL SCIENCE / Political Ideologies / Anarchism,Political Science,
POL042020,POLITICAL SCIENCE / Political Ideologies / Conservatism & Liberalism,Political Science,
POL042030,POLITICAL SCIENCE / Political Ideologies / Fascism & Totalitarianism,Political Science,
POL042040,POLITICAL SCIENCE / Political Ideologies / Radicalism,Political Science,
POL042050,POLITICAL SCIENCE / Political Ideologies / Libertarianism,Political Science,
POL042060,POLITICAL SCIENCE / Political Ideologies / Capitalism,Political Science,
POL042070,POLITICAL SCIENCE / Political Ideologies / Autocracy,Political Science,
POL043000,POLITICAL SCIENCE / Political Process / Political Advocacy,Political Science,
POL044000,POLITICAL SCIENCE / Public Policy / Environmental Policy,Political Science,
POL045000,POLITICAL SCIENCE / Colonialism & Post-Colonialism,Political Science,
POL046000,POLITICAL SCIENCE / Commentary & Opinion,Political Science,
POL047000,POLITICAL SCIENCE / Imperialism,Political Science,
POL048000,POLITICAL SCIENCE / Intergovernmental Organizations,Political Science,
POL049000,POLITICAL SCIENCE / Propaganda,Political Science,
POL050000,POLITICAL SCIENCE / Public Policy / Communication Policy,Political Science,
POL051000,POLITICAL SCIENCE / Utopias,Political Science,
POL052000,POLITICAL SCIENCE / Women in Politics,Political Science,
POL053000,POLITICAL SCIENCE / World / African,Political Science,
POL054000,POLITICAL SCIENCE / World / Asian,Political Science,
POL055000,POLITICAL SCIENCE / World / Australian & Oceanian,Political Science,
POL056000,POLITICAL SCIENCE / World / Canadian,Political Science,
POL057000,POLITICAL SCIENCE / World / Caribbean & Latin American,Political Science,
POL058000,POLITICAL SCIENCE / World / European,Political Science,
POL059000,POLITICAL SCIENCE / World / Middle Eastern,Political Science,
POL060000,POLITICAL SCIENCE / World / Russian & Soviet,Political Science,
POL061000,POLITICAL SCIENCE / Genocide & War Crimes,Political Science,
POL062000,POLITICAL SCIENCE / Geopolitics,Political Science,
POL063000,POLITICAL SCIENCE / Public Policy / Science & Technology Policy,Political Science,
POL064000,POLITICAL SCIENCE / Corruption & Misconduct,Political Science,
POL065000,POLITICAL SCIENCE / Political Process / Media & Internet,Political Science,
POL066000,POLITICAL SCIENCE / Privacy & Surveillance (see also SOCIAL SCIENCE / Privacy & Surveillance),Political Science,
POL067000,POLITICAL SCIENCE / Public Policy / Agriculture & Food Policy (see also SOCIAL SCIENCE / Agriculture & Food),Political Science,
POL068000,POLITICAL SCIENCE / Public Policy / Energy Policy,Political Science,
POL069000,POLITICAL SCIENCE / Public Policy / Military Policy,Political Science,
POL070000,POLITICAL SCIENCE / Public Policy / Immigration,Political Science,
POL071000,POLITICAL SCIENCE / Public Opinion Polling,Political Science,
POL072000,"POLITICAL SCIENCE / Religion, Politics & State",Political Science,
POL073000,POLITICAL SCIENCE / Public Policy / Health Care,Political Science,
POL074000,POLITICAL SCIENCE / Indigenous / General,Political Science,
POL074010,POLITICAL SCIENCE / Indigenous / Governance & Sovereignty,Political Science,
POL074020,POLITICAL SCIENCE / Indigenous / Reconciliation,Political Science,
POL074030,POLITICAL SCIENCE / Indigenous / Treaties & Agreements,Political Science,
POL075000,POLITICAL SCIENCE / Indigenous Peoples of Turtle Island,Political Science,
POL076000,POLITICAL SCIENCE / Native American,Political Science,
POL077000,POLITICAL SCIENCE / Public Policy / Gun & Firearm Policy,Political Science,
POL078000,POLITICAL SCIENCE / Political Communication,Political Science,
POL079000,POLITICAL SCIENCE / Black Nationalism & Pan-Africanism,Political Science,
POL080000,POLITICAL SCIENCE / Islamic Governance,Political Science,
POL081000,POLITICAL SCIENCE / Public Policy / Reparations,Political Science,
PSY000000,PSYCHOLOGY / General,Psychology,
PSY002000,PSYCHOLOGY / Developmental / Adolescent,Psychology,
PSY003000,PSYCHOLOGY / Applied Psychology,Psychology,
PSY004000,PSYCHOLOGY / Developmental / Child,Psychology,
PSY006000,PSYCHOLOGY / Psychotherapy / Child & Adolescent,Psychology,
PSY007000,PSYCHOLOGY / Clinical Psychology,Psychology,
PSY008000,PSYCHOLOGY / Cognitive Psychology & Cognition,Psychology,
PSY009000,PSYCHOLOGY / Psychopathology / Compulsive Behavior,Psychology,
PSY010000,PSYCHOLOGY / Psychotherapy / Counseling,Psychology,
PSY011000,PSYCHOLOGY / Psychopathology / Eating Disorders,Psychology,
PSY012000,"PSYCHOLOGY / Education, Training & Supervision",Psychology,
PSY013000,PSYCHOLOGY / Emotions,Psychology,
PSY014000,PSYCHOLOGY / Forensic Psychology,Psychology,
PSY015000,PSYCHOLOGY / History,Psychology,
PSY016000,PSYCHOLOGY / Human Sexuality (see also SOCIAL SCIENCE / Human Sexuality),Psychology,
PSY017000,PSYCHOLOGY / Interpersonal Relations,Psychology,
PSY020000,PSYCHOLOGY / Neuropsychology,Psychology,
PSY021000,PSYCHOLOGY / Industrial & Organizational Psychology,Psychology,
PSY022000,PSYCHOLOGY / Psychopathology / General,Psychology,
PSY022010,PSYCHOLOGY / Psychopathology / Attention-Deficit Disorder (ADD-ADHD),Psychology,
PSY022020,PSYCHOLOGY / Psychopathology / Autism Spectrum Disorders,Psychology,
PSY022030,PSYCHOLOGY / Psychopathology / Bipolar Disorder,Psychology,
PSY022040,PSYCHOLOGY / Psychopathology / Post-Traumatic Stress Disorder (PTSD),Psychology,
PSY022050,PSYCHOLOGY / Psychopathology / Schizophrenia,Psychology,
PSY022060,PSYCHOLOGY / Psychopathology / Anxiety & Phobias,Psychology,
PSY022070,PSYCHOLOGY / Psychopathology / Dissociative Identity Disorder,Psychology,
PSY022080,PSYCHOLOGY / Psychopathology / Personality Disorders,Psychology,
PSY022090,PSYCHOLOGY / Psychopathology / Memory Disorders,Psychology,
PSY023000,PSYCHOLOGY / Personality,Psychology,
PSY024000,PSYCHOLOGY / Physiological Psychology,Psychology,
PSY026000,PSYCHOLOGY / Psychotherapy / Psychoanalysis,Psychology,
PSY028000,PSYCHOLOGY / Psychotherapy / General,Psychology,
PSY029000,PSYCHOLOGY / Reference,Psychology,
PSY030000,PSYCHOLOGY / Research & Methodology,Psychology,
PSY031000,PSYCHOLOGY / Social Psychology,Psychology,
PSY032000,PSYCHOLOGY / Statistics,Psychology,
PSY034000,PSYCHOLOGY / Creative Ability,Psychology,
PSY035000,PSYCHOLOGY / Hypnotism,Psychology,
PSY036000,PSYCHOLOGY / Mental Health,Psychology,
PSY037000,PSYCHOLOGY / Suicide,Psychology,
PSY038000,PSYCHOLOGY / Psychopathology / Addiction,Psychology,
PSY039000,PSYCHOLOGY / Developmental / General,Psychology,
PSY040000,PSYCHOLOGY / Experimental Psychology,Psychology,
PSY041000,PSYCHOLOGY / Psychotherapy / Couples & Family,Psychology,
PSY042000,"PSYCHOLOGY / Assessment, Testing & Measurement",Psychology,
PSY043000,PSYCHOLOGY / Developmental / Adulthood & Aging,Psychology,
PSY044000,PSYCHOLOGY / Developmental / Lifespan Development,Psychology,
PSY045010,PSYCHOLOGY / Psychotherapy / Behaviorism,Psychology,
PSY045020,PSYCHOLOGY / Psychotherapy / Humanistic,Psychology,
PSY045040,PSYCHOLOGY / Psychotherapy / Existential,Psychology,
PSY045050,PSYCHOLOGY / Psychotherapy / Gestalt,Psychology,
PSY045060,PSYCHOLOGY / Psychotherapy / Jungian,Psychology,
PSY045070,PSYCHOLOGY / Psychotherapy / Cognitive Behavioral Therapy (CBT),Psychology,
PSY046000,PSYCHOLOGY / Practice Management,Psychology,
PSY048000,PSYCHOLOGY / Psychotherapy / Group,Psychology,
PSY049000,PSYCHOLOGY / Psychopathology / Depression,Psychology,
PSY050000,PSYCHOLOGY / Cultural Psychology,Psychology,
PSY051000,PSYCHOLOGY / Cognitive Neuroscience & Cognitive Neuropsychology,Psychology,
PSY052000,PSYCHOLOGY / Grief & Loss,Psychology,
PSY053000,PSYCHOLOGY / Evolutionary Psychology,Psychology,
PSY054000,PSYCHOLOGY / Animal & Comparative Psychology,Psychology,
PSY055000,PSYCHOLOGY / Essays,Psychology,
PSY056000,PSYCHOLOGY / Psychotherapy / LGBTQ+,Psychology,
PSY057000,PSYCHOLOGY / Career Counseling,Psychology,
PSY058000,PSYCHOLOGY / Consulting Psychology,Psychology,
PSY059000,PSYCHOLOGY / Cross-Cultural Psychology,Psychology,
PSY060000,PSYCHOLOGY / Environmental Psychology,Psychology,
PSY061000,PSYCHOLOGY / Ethics,Psychology,
PSY062000,PSYCHOLOGY / Gender,Psychology,
PSY063000,PSYCHOLOGY / Health Psychology,Psychology,
PSY064000,PSYCHOLOGY / LGBTQ+ (see also Psychotherapy / LGBTQ+),Psychology,
PSY065000,PSYCHOLOGY / Parapsychology,Psychology,
PSY066000,PSYCHOLOGY / Positive Psychology,Psychology,
PSY067000,PSYCHOLOGY / Psychology of Technology,Psychology,
PSY068000,PSYCHOLOGY / Psychotherapy / Art & Music Therapy,Psychology,
PSY069000,PSYCHOLOGY / Psychotherapy / Dialectical Behavior Therapy,Psychology,
PSY070000,PSYCHOLOGY / Psychotherapy / Emotion-Focused Therapy,Psychology,
PSY071000,PSYCHOLOGY / Psychotherapy / Integrative & Transtheoretical,Psychology,
PSY072000,PSYCHOLOGY / Psychotherapy / Psychodynamic,Psychology,
PSY073000,PSYCHOLOGY / Psychotherapy / Spiritually Integrated,Psychology,
PSY074000,PSYCHOLOGY / Psychotherapy / Therapy Dynamics (see also Practice Management),Psychology,
PSY075000,PSYCHOLOGY / Trauma Psychology,Psychology,
PSY076000,PSYCHOLOGY / African American & Black,Psychology,
REF000000,REFERENCE / General,Other Nonfiction,
REF001000,REFERENCE / Almanacs,Other Nonfiction,
REF002000,"REFERENCE / Atlases, Gazetteers & Maps (see also TRAVEL / Maps & Road Atlases)",Other Nonfiction,
REF004000,REFERENCE / Bibliographies & Indexes,Other Nonfiction,
REF007000,REFERENCE / Curiosities & Wonders,Other Nonfiction,
REF008000,REFERENCE / Dictionaries,Other Nonfiction,
REF009000,REFERENCE / Directories,Other Nonfiction,
REF010000,REFERENCE / Encyclopedias,Other Nonfiction,
REF011000,REFERENCE / Etiquette,Other Nonfiction,
REF013000,REFERENCE / Genealogy & Heraldry,Other Nonfiction,
REF015000,REFERENCE / Personal & Practical Guides,Other Nonfiction,
REF018000,REFERENCE / Questions & Answers,Other Nonfiction,
REF019000,REFERENCE / Quotations,Other Nonfiction,
REF020000,REFERENCE / Research,Other Nonfiction,
REF022000,REFERENCE / Thesauri,Other Nonfiction,
REF023000,REFERENCE / Trivia,Other Nonfiction,
REF024000,REFERENCE / Weddings,Other Nonfiction,
REF025000,REFERENCE / Word Lists,Other Nonfiction,
REF027000,REFERENCE / Yearbooks & Annuals,Other Nonfiction,
REF030000,REFERENCE / Consumer Guides,Other Nonfiction,
REF032000,REFERENCE / Event Planning,Other Nonfiction,
REF033000,REFERENCE / Personal & Private Investigations,Other Nonfiction,
REF034000,REFERENCE / Signs & Symbols,Other Nonfiction,
REF035000,REFERENCE / Planners,Other Nonfiction,
REF036000,REFERENCE / Flags,Other Nonfiction,
REL000000,RELIGION / General,Religion & Spirituality,
REL001000,RELIGION / Agnosticism,Religion & Spirituality,
REL002000,RELIGION / Christianity / Amish,Religion & Spirituality,
REL003000,RELIGION / Christianity / Anglican,Religion & Spirituality,
REL004000,RELIGION / Atheism,Religion & Spirituality,
REL005000,RELIGION / Baha'i,Religion & Spirituality,
REL006000,RELIGION / Biblical Studies / General,Religion & Spirituality,
REL006020,RELIGION / Biblical Biography / General,Religion & Spirituality,
REL006030,RELIGION / Biblical Biography / Old Testament,Religion & Spirituality,
REL006040,RELIGION / Biblical Biography / New Testament,Religion & Spirituality,
REL006050,RELIGION / Biblical Commentary / General,Religion & Spirituality,
REL006060,RELIGION / Biblical Commentary / Old Testament / General,Religion & Spirituality,
REL006070,RELIGION / Biblical Commentary / New Testament / General,Religion & Spirituality,
REL006080,RELIGION / Biblical Criticism & Interpretation / General,Religion & Spirituality,
REL006090,RELIGION / Biblical Criticism & Interpretation / Old Testament,Religion & Spirituality,
REL006100,RELIGION / Biblical Criticism & Interpretation / New Testament,Religion & Spirituality,
REL006110,RELIGION / Biblical Meditations / General,Religion & Spirituality,
REL006120,RELIGION / Biblical Meditations / Old Testament,Religion & Spirituality,
REL006130,RELIGION / Biblical Meditations / New Testament,Religion & Spirituality,
REL006140,RELIGION / Biblical Studies / Prophecy,Religion & Spirituality,
REL006150,RELIGION / Biblical Reference / Quotations,Religion & Spirituality,
REL006160,RELIGION / Biblical Reference / General,Religion & Spirituality,
REL006210,RELIGION / Biblical Studies / Old Testament / General,Religion & Spirituality,
REL006220,RELIGION / Biblical Studies / New Testament / General,Religion & Spirituality,
REL006400,RELIGION / Biblical Studies / Exegesis & Hermeneutics,Religion & Spirituality,
REL006410,RELIGION / Biblical Reference / Language Study,Religion & Spirituality,
REL006630,RELIGION / Biblical Studies / History & Culture,Religion & Spirituality,
REL006650,RELIGION / Biblical Reference / Atlases,Religion & Spirituality,
REL006660,RELIGION / Biblical Reference / Concordances,Religion & Spirituality,
REL006670,RELIGION / Biblical Reference / Dictionaries & Encyclopedias,Religion & Spirituality,
REL006680,RELIGION / Biblical Reference / Handbooks,Religion & Spirituality,
REL006700,RELIGION / Biblical Studies / Bible Study Guides,Religion & Spirituality,
REL006710,"RELIGION / Biblical Studies / New Testament / Jesus, the Gospels & Acts",Religion & Spirituality,
REL006720,RELIGION / Biblical Studies / New Testament / Paul's Letters,Religion & Spirituality,
REL006730,RELIGION / Biblical Studies / Old Testament / Prophets,Religion & Spirituality,
REL006740,RELIGION / Biblical Studies / Old Testament / Poetry & Wisdom Literature,Religion & Spirituality,
REL006750,RELIGION / Biblical Commentary / Old Testament / Pentateuch,Religion & Spirituality,
REL006760,RELIGION / Biblical Commentary / Old Testament / Historical Books,Religion & Spirituality,
REL006770,RELIGION / Biblical Commentary / Old Testament / Poetry & Wisdom Literature,Religion & Spirituality,
REL006780,RELIGION / Biblical Commentary / Old Testament / Prophets,Religion & Spirituality,
REL006790,RELIGION / Biblical Commentary / Old Testament / Apocrypha & Deuterocanonical,Religion & Spirituality,
REL006800,"RELIGION / Biblical Commentary / New Testament / Jesus, the Gospels & Acts",Religion & Spirituality,
REL006810,RELIGION / Biblical Commentary / New Testament / Paul's Letters,Religion & Spirituality,
REL006820,RELIGION / Biblical Commentary / New Testament / General Epistles,Religion & Spirituality,
REL006830,RELIGION / Biblical Commentary / New Testament / Revelation,Religion & Spirituality,
REL006840,RELIGION / Biblical Studies / Old Testament / Pentateuch,Religion & Spirituality,
REL006850,RELIGION / Biblical Studies / Old Testament / Historical Books,Religion & Spirituality,
REL006860,RELIGION / Biblical Studies / New Testament / General Epistles,Religion & Spirituality,
REL006870,RELIGION / Biblical Studies / New Testament / Revelation,Religion & Spirituality,
REL006880,RELIGION / Biblical Studies / Old Testament / Apocrypha & Deuterocanonical,Religion & Spirituality,
REL006890,RELIGION / Biblical Studies / New Testament / Apocrypha,Religion & Spirituality,
REL007000,RELIGION / Buddhism / General (see also PHILOSOPHY / Buddhist),Religion & Spirituality,
REL007010,RELIGION / Buddhism / History,Religion & Spirituality,
REL007020,RELIGION / Buddhism / Rituals & Practice,Religion & Spirituality,
REL007030,RELIGION / Buddhism / Sacred Writings,Religion & Spirituality,
REL007040,RELIGION / Buddhism / Theravada,Religion & Spirituality,
REL007050,RELIGION / Buddhism / Tibetan,Religion & Spirituality,
REL008000,RELIGION / Christian Church / Canon & Ecclesiastical Law,Religion & Spirituality,
REL009000,RELIGION / Christianity / Catechisms,Religion & Spirituality,
REL010000,RELIGION / Christianity / Catholic / General,Religion & Spirituality,
REL010010,RELIGION / Christianity / Catholic / Church Documents,Religion & Spirituality,
REL010020,RELIGION / Christianity / Catholic / Social Teaching,Religion & Spirituality,
REL011000,RELIGION / Christian Education / General,Religion & Spirituality,
REL012000,RELIGION / Christian Living / General,Religion & Spirituality,
REL012010,"RELIGION / Christian Living / Death, Grief, Bereavement",Religion & Spirituality,
REL012020,RELIGION / Christian Living / Devotional,Religion & Spirituality,
REL012030,RELIGION / Christian Living / Family & Relationships,Religion & Spirituality,
REL012040,RELIGION / Christian Living / Inspirational,Religion & Spirituality,
REL012050,RELIGION / Christian Living / Love & Marriage,Religion & Spirituality,
REL012060,RELIGION / Christian Living / Men's Interests,Religion & Spirituality,
REL012070,RELIGION / Christian Living / Personal Growth,Religion & Spirituality,
REL012080,RELIGION / Christian Living / Prayer,Religion & Spirituality,
REL012090,RELIGION / Christian Living / Professional Growth,Religion & Spirituality,
REL012110,RELIGION / Christian Living / Social Issues,Religion & Spirituality,
REL012120,RELIGION / Christian Living / Spiritual Growth,Religion & Spirituality,
REL012130,RELIGION / Christian Living / Women's Interests,Religion & Spirituality,
REL012140,RELIGION / Christian Living / Calling & Vocation,Religion & Spirituality,
REL012150,RELIGION / Christian Living / Devotional Journal,Religion & Spirituality,
REL012160,RELIGION / Christian Living / Parenting,Religion & Spirituality,
REL012170,RELIGION / Christian Living / Personal Memoirs,Religion & Spirituality,
REL012180,RELIGION / Christian Living / Afterlife,Religion & Spirituality,
REL012190,RELIGION / Christian Living / Forgiveness & Mercy,Religion & Spirituality,
REL012200,RELIGION / Christian Living / Values & Virtues,Religion & Spirituality,
REL013000,RELIGION / Christianity / Literature & the Arts,Religion & Spirituality,
REL014000,RELIGION / Christian Church / Administration,Religion & Spirituality,
REL015000,RELIGION / Christianity / History,Religion & Spirituality,
REL016000,RELIGION / Institutions & Organizations,Religion & Spirituality,
REL017000,RELIGION / Comparative Religion,Religion & Spirituality,
REL018000,RELIGION / Confucianism,Religion & Spirituality,
REL019000,RELIGION / Counseling,Religion & Spirituality,
REL020000,RELIGION / Cults,Religion & Spirituality,
REL021000,RELIGION / Deism,Religion & Spirituality,
REL022000,RELIGION / Devotional,Religion & Spirituality,
REL023000,RELIGION / Christian Ministry / Discipleship,Religion & Spirituality,
REL024000,RELIGION / Asian,Religion & Spirituality,
REL025000,RELIGION / Ecumenism & Interfaith,Religion & Spirituality,
REL026000,RELIGION / Education,Religion & Spirituality,
REL027000,RELIGION / Christianity / Episcopalian,Religion & Spirituality,
REL028000,RELIGION / Ethics,Religion & Spirituality,
REL029000,RELIGION / Folk & Tribal,Religion & Spirituality,
REL030000,RELIGION / Christian Ministry / Evangelism,Religion & Spirituality,
REL032000,RELIGION / Hinduism / General,Religion & Spirituality,
REL032010,RELIGION / Hinduism / History,Religion & Spirituality,
REL032020,RELIGION / Hinduism / Rituals & Practice,Religion & Spirituality,
REL032030,RELIGION / Hinduism / Sacred Writings,Religion & Spirituality,
REL032040,RELIGION / Hinduism / Theology,Religion & Spirituality,
REL033000,RELIGION / History,Religion & Spirituality,
REL034000,RELIGION / Holidays / General,Religion & Spirituality,
REL034010,RELIGION / Holidays / Christian,Religion & Spirituality,
REL034020,RELIGION / Holidays / Christmas & Advent,Religion & Spirituality,
REL034030,RELIGION / Holidays / Easter & Lent,Religion & Spirituality,
REL034040,RELIGION / Holidays / Jewish,Religion & Spirituality,
REL034050,RELIGION / Holidays / Other,Religion & Spirituality,
REL036000,RELIGION / Inspirational,Religion & Spirituality,
REL037000,RELIGION / Islam / General,Religion & Spirituality,
REL037010,RELIGION / Islam / History,Religion & Spirituality,
REL037030,RELIGION / Islam / Rituals & Practice,Religion & Spirituality,
REL037040,RELIGION / Islam / Shi'a,Religion & Spirituality,
REL037050,RELIGION / Islam / Sunni,Religion & Spirituality,
REL037060,RELIGION / Islam / Theology,Religion & Spirituality,
REL038000,RELIGION / Jainism,Religion & Spirituality,
REL040000,RELIGION / Judaism / General,Religion & Spirituality,
REL040010,RELIGION / Judaism / Rituals & Practice,Religion & Spirituality,
REL040030,RELIGION / Judaism / History,Religion & Spirituality,
REL040040,RELIGION / Judaism / Sacred Writings,Religion & Spirituality,
REL040050,RELIGION / Judaism / Conservative,Religion & Spirituality,
REL040060,RELIGION / Judaism / Kabbalah & Mysticism,Religion & Spirituality,
REL040070,RELIGION / Judaism / Orthodox,Religion & Spirituality,
REL040080,RELIGION / Judaism / Reform,Religion & Spirituality,
REL040090,RELIGION / Judaism / Theology,Religion & Spirituality,
REL041000,RELIGION / Islam / Koran & Sacred Writings,Religion & Spirituality,
REL042000,RELIGION / Meditations,Religion & Spirituality,
REL043000,RELIGION / Christianity / Mennonite,Religion & Spirituality,
REL044000,RELIGION / Christianity / Methodist,Religion & Spirituality,
REL045000,RELIGION / Christian Ministry / Missions,Religion & Spirituality,
REL046000,RELIGION / Christianity / Church of Jesus Christ of Latter-day Saints (Mormon),Religion & Spirituality,
REL047000,RELIGION / Mysticism,Religion & Spirituality,
REL049000,RELIGION / Christianity / Orthodox,Religion & Spirituality,
REL050000,RELIGION / Christian Ministry / Counseling & Recovery,Religion & Spirituality,
REL051000,RELIGION / Philosophy,Religion & Spirituality,
REL052000,RELIGION / Prayerbooks / General,Religion & Spirituality,
REL052010,RELIGION / Prayerbooks / Christian,Religion & Spirituality,
REL052020,RELIGION / Prayerbooks / Jewish,Religion & Spirituality,
REL052030,RELIGION / Prayerbooks / Islamic,Religion & Spirituality,
REL053000,RELIGION / Christianity / Protestant,Religion & Spirituality,
REL054000,RELIGION / Reference,Religion & Spirituality,
REL055000,RELIGION / Christian Rituals & Practice / General,Religion & Spirituality,
REL055010,RELIGION / Christian Rituals & Practice / Sacraments,Religion & Spirituality,
REL055020,RELIGION / Christian Rituals & Practice / Worship & Liturgy,Religion & Spirituality,
REL058000,RELIGION / Sermons / General,Religion & Spirituality,
REL058010,RELIGION / Sermons / Christian,Religion & Spirituality,
REL058020,RELIGION / Sermons / Jewish,Religion & Spirituality,
REL059000,RELIGION / Christianity / Shaker,Religion & Spirituality,
REL060000,RELIGION / Shintoism,Religion & Spirituality,
REL061000,RELIGION / Sikhism,Religion & Spirituality,
REL062000,RELIGION / Spirituality,Religion & Spirituality,
REL063000,RELIGION / Christian Living / Stewardship & Giving,Religion & Spirituality,
REL064000,RELIGION / Judaism / Talmud,Religion & Spirituality,
REL065000,RELIGION / Taoism (see also PHILOSOPHY / Taoist),Religion & Spirituality,
REL066000,RELIGION / Theism,Religion & Spirituality,
REL067000,RELIGION / Christian Theology / General,Religion & Spirituality,
REL067010,RELIGION / Christian Theology / Angelology & Demonology,Religion & Spirituality,
REL067020,RELIGION / Christian Theology / Anthropology,Religion & Spirituality,
REL067030,RELIGION / Christian Theology / Apologetics,Religion & Spirituality,
REL067040,RELIGION / Christian Theology / Christology,Religion & Spirituality,
REL067050,RELIGION / Christian Theology / Ecclesiology,Religion & Spirituality,
REL067060,RELIGION / Christian Theology / Eschatology,Religion & Spirituality,
REL067070,RELIGION / Christian Theology / Ethics & Moral Teaching,Religion & Spirituality,
REL067080,RELIGION / Christian Theology / History,Religion & Spirituality,
REL067090,RELIGION / Christian Theology / Pneumatology,Religion & Spirituality,
REL067100,RELIGION / Christian Theology / Soteriology,Religion & Spirituality,
REL067110,RELIGION / Christian Theology / Systematic,Religion & Spirituality,
REL067120,RELIGION / Christian Theology / Liberation,Religion & Spirituality,
REL067130,RELIGION / Christian Theology / Process,Religion & Spirituality,
REL067140,RELIGION / Christian Theology / African American & Black,Religion & Spirituality,
REL067150,RELIGION / Christian Theology / Ecology,Religion & Spirituality,
REL067160,RELIGION / Christian Theology / Feminist,Religion & Spirituality,
REL067170,RELIGION / Christian Theology / Hispanic & Latino,Religion & Spirituality,
REL067180,RELIGION / Christian Theology / Missiology,Religion & Spirituality,
REL067190,RELIGION / Christian Theology / Queer (LGBTQ+),Religion & Spirituality,
REL067200,RELIGION / Christian Theology / Womanist,Religion & Spirituality,
REL068000,RELIGION / Theosophy,Religion & Spirituality,
REL069000,RELIGION / Zoroastrianism,Religion & Spirituality,
REL070000,RELIGION / Christianity / General,Religion & Spirituality,
REL071000,RELIGION / Leadership,Religion & Spirituality,
REL072000,RELIGION / Antiquities & Archaeology,Religion & Spirituality,
REL073000,RELIGION / Christianity / Baptist,Religion & Spirituality,
REL074000,RELIGION / Christian Ministry / Pastoral Resources,Religion & Spirituality,
REL075000,RELIGION / Psychology of Religion,Religion & Spirituality,
REL077000,RELIGION / Faith,Religion & Spirituality,
REL078000,RELIGION / Fundamentalism,Religion & Spirituality,
REL079000,RELIGION / Christianity / Pentecostal & Charismatic,Religion & Spirituality,
REL080000,RELIGION / Christian Ministry / Preaching,Religion & Spirituality,
REL081000,RELIGION / Clergy,Religion & Spirituality,
REL082000,RELIGION / Christianity / Lutheran,Religion & Spirituality,
REL083000,RELIGION / Christianity / Christian Science,Religion & Spirituality,
REL084000,"RELIGION / Religion, Politics & State",Religion & Spirituality,
REL085000,RELIGION / Eschatology,Religion & Spirituality,
REL086000,RELIGION / Monasticism,Religion & Spirituality,
REL087000,RELIGION / Prayer,Religion & Spirituality,
REL088000,RELIGION / Christianity / Quaker,Religion & Spirituality,
REL089000,RELIGION / Scientology,Religion & Spirituality,
REL090000,RELIGION / Islam / Sufi,Religion & Spirituality,
REL091000,RELIGION / Christian Education / Children & Youth,Religion & Spirituality,
REL092000,RELIGION / Buddhism / Zen (see also PHILOSOPHY / Zen),Religion & Spirituality,
REL093000,RELIGION / Christianity / Calvinist,Religion & Spirituality,
REL094000,RELIGION / Christianity / Denominations,Religion & Spirituality,
REL095000,RELIGION / Christian Education / Adult,Religion & Spirituality,
REL096000,RELIGION / Christianity / Jehovah's Witnesses,Religion & Spirituality,
REL097000,RELIGION / Christianity / Presbyterian,Religion & Spirituality,
REL098000,RELIGION / Christianity / Seventh-Day Adventist,Religion & Spirituality,
REL099000,RELIGION / Christian Living / Spiritual Warfare,Religion & Spirituality,
REL100000,RELIGION / Demonology & Satanism,Religion & Spirituality,
REL101000,RELIGION / Messianic Judaism,Religion & Spirituality,
REL102000,RELIGION / Theology,Religion & Spirituality,
REL103000,RELIGION / Unitarian Universalism,Religion & Spirituality,
REL104000,RELIGION / Christian Theology / Mariology,Religion & Spirituality,
REL105000,RELIGION / Sexuality & Gender Studies,Religion & Spirituality,
REL106000,RELIGION / Religion & Science,Religion & Spirituality,
REL107000,RELIGION / Eckankar,Religion & Spirituality,
REL108000,RELIGION / Christian Church / General,Religion & Spirituality,
REL108010,RELIGION / Christian Church / Growth,Religion & Spirituality,
REL108020,RELIGION / Christian Church / History,Religion & Spirituality,
REL108030,RELIGION / Christian Living / Leadership & Mentoring,Religion & Spirituality,
REL109000,RELIGION / Christian Ministry / General,Religion & Spirituality,
REL109010,RELIGION / Christian Ministry / Adult,Religion & Spirituality,
REL109020,RELIGION / Christian Ministry / Children,Religion & Spirituality,
REL109030,RELIGION / Christian Ministry / Youth,Religion & Spirituality,
REL110000,RELIGION / Christianity / Saints & Sainthood,Religion & Spirituality,
REL111000,RELIGION / Christianity / United Church of Christ,Religion & Spirituality,
REL112000,RELIGION / Gnosticism,Religion & Spirituality,
REL113000,RELIGION / Essays,Religion & Spirituality,
REL114000,RELIGION / Ancient,Religion & Spirituality,
REL115000,"RELIGION / Blasphemy, Heresy & Apostasy",Religion & Spirituality,
REL116000,"RELIGION / Religious Intolerance, Persecution & Conflict",Religion & Spirituality,
REL117000,RELIGION / Paganism & Modern Paganism,Religion & Spirituality,
REL118000,"RELIGION / Wicca (see also MIND, BODY, SPIRIT / Witchcraft)",Religion & Spirituality,
REL119000,RELIGION / Pilgrims & Pilgrimages,Religion & Spirituality,
REL120000,RELIGION / Sacred Places,Religion & Spirituality,
REL121000,"RELIGION / African Diaspora Religion, Spirituality & Theology",Religion & Spirituality,
REL122000,RELIGION / Creation,Religion & Spirituality,
REL123000,RELIGION / Faith Deconstruction,Religion & Spirituality,
REL124000,RELIGION / Indigenous / General,Religion & Spirituality,
REL124010,RELIGION / Indigenous / Ceremony & Spiritual Practice,Religion & Spirituality,
REL124020,RELIGION / Indigenous / Sacred Stories,Religion & Spirituality,
REL124030,RELIGION / Indigenous / Scripture & Prayerbooks,Religion & Spirituality,
REL124040,RELIGION / Indigenous / Spirituality,Religion & Spirituality,
REL124050,RELIGION / Indigenous / Teachings,Religion & Spirituality,
REL125000,RELIGION / Indigenous Peoples of Turtle Island,Religion & Spirituality,
REL126000,RELIGION / Native American,Religion & Spirituality,
REL127000,RELIGION / Activism & Social Justice,Religion & Spirituality,
REL128000,RELIGION / African American & Black,Religion & Spirituality,
REL129000,RELIGION / Asian American & Pacific Islander,Religion & Spirituality,
REL130000,RELIGION / Christianity / World Christianity,Religion & Spirituality,
REL131000,RELIGION / Disability,Religion & Spirituality,
REL132000,RELIGION / Hispanic & Latino,Religion & Spirituality,
REL133000,RELIGION / Peace,Religion & Spirituality,
REL134000,RELIGION / Spiritual Retreats,Religion & Spirituality,
REL135000,RELIGION / Women,Religion & Spirituality,
REL136000,RELIGION / Miracles,Religion & Spirituality,
SCI000000,SCIENCE / General,Science,
SCI001000,SCIENCE / Acoustics & Sound,Science,
SCI003000,SCIENCE / Applied Sciences,Science,
SCI004000,SCIENCE / Space Science / Astronomy,Science,
SCI005000,SCIENCE / Physics / Astrophysics,Science,
SCI006000,SCIENCE / Life Sciences / Bacteriology,Science,
SCI007000,SCIENCE / Life Sciences / Biochemistry,Science,
SCI008000,SCIENCE / Life Sciences / Biology,Science,
SCI009000,SCIENCE / Life Sciences / Biophysics,Science,
SCI010000,SCIENCE / Biotechnology,Science,
SCI011000,SCIENCE / Life Sciences / Botany,Science,
SCI012000,SCIENCE / Chaotic Behavior in Systems,Science,
SCI013000,SCIENCE / Chemistry / General,Science,
SCI013010,SCIENCE / Chemistry / Analytic,Science,
SCI013020,SCIENCE / Chemistry / Clinical,Science,
SCI013030,SCIENCE / Chemistry / Inorganic,Science,
SCI013040,SCIENCE / Chemistry / Organic,Science,
SCI013050,SCIENCE / Chemistry / Physical & Theoretical,Science,
SCI013060,SCIENCE / Chemistry / Industrial & Technical,Science,
SCI013070,SCIENCE / Chemistry / Computational & Molecular Modeling,Science,
SCI013080,SCIENCE / Chemistry / Environmental (see also Environmental Science),Science,
SCI013090,SCIENCE / Chemistry / Toxicology,Science,
SCI013100,SCIENCE / Chemistry / Electrochemistry,Science,
SCI015000,SCIENCE / Space Science / Cosmology,Science,
SCI016000,SCIENCE / Physics / Crystallography,Science,
SCI017000,SCIENCE / Life Sciences / Cell Biology,Science,
SCI018000,SCIENCE / Mechanics / Dynamics,Science,
SCI019000,SCIENCE / Earth Sciences / General,Science,
SCI020000,SCIENCE / Life Sciences / Ecology,Science,
SCI021000,SCIENCE / Physics / Electricity,Science,
SCI022000,SCIENCE / Physics / Electromagnetism,Science,
SCI023000,SCIENCE / Electron Microscopes & Microscopy,Science,
SCI024000,SCIENCE / Energy,Science,
SCI025000,SCIENCE / Life Sciences / Zoology / Entomology,Science,
SCI026000,SCIENCE / Environmental Science (see also Chemistry / Environmental),Science,
SCI027000,SCIENCE / Life Sciences / Evolution,Science,
SCI028000,SCIENCE / Experiments & Projects,Science,
SCI029000,SCIENCE / Life Sciences / Genetics & Genomics,Science,
SCI030000,SCIENCE / Earth Sciences / Geography,Science,
SCI031000,SCIENCE / Earth Sciences / Geology,Science,
SCI032000,SCIENCE / Physics / Geophysics,Science,
SCI033000,SCIENCE / Physics / Gravity,Science,
SCI034000,SCIENCE / History,Science,
SCI036000,SCIENCE / Life Sciences / Human Anatomy & Physiology,Science,
SCI038000,SCIENCE / Physics / Magnetism,Science,
SCI039000,SCIENCE / Life Sciences / Marine Biology,Science,
SCI040000,SCIENCE / Physics / Mathematical & Computational,Science,
SCI041000,SCIENCE / Mechanics / General,Science,
SCI042000,SCIENCE / Earth Sciences / Meteorology & Climatology,Science,
SCI043000,SCIENCE / Research & Methodology,Science,
SCI045000,SCIENCE / Life Sciences / Microbiology,Science,
SCI047000,SCIENCE / Microscopes & Microscopy,Science,
SCI048000,SCIENCE / Earth Sciences / Mineralogy,Science,
SCI049000,SCIENCE / Life Sciences / Molecular Biology,Science,
SCI050000,SCIENCE / Nanoscience,Science,
SCI051000,SCIENCE / Physics / Nuclear,Science,
SCI052000,SCIENCE / Earth Sciences / Oceanography,Science,
SCI053000,SCIENCE / Physics / Optics & Light,Science,
SCI054000,SCIENCE / Paleontology,Nature,
SCI055000,SCIENCE / Physics / General,Science,
SCI056000,SCIENCE / Life Sciences / Anatomy & Physiology (see also Life Sciences / Human Anatomy & Physiology),Science,
SCI057000,SCIENCE / Physics / Quantum Theory,Science,
SCI058000,SCIENCE / Radiation,Science,
SCI059000,SCIENCE / Radiography,Science,
SCI060000,SCIENCE / Reference,Science,
SCI061000,SCIENCE / Physics / Relativity,Science,
SCI063000,SCIENCE / Study & Teaching,Science,
SCI064000,SCIENCE / System Theory,Science,
SCI065000,SCIENCE / Mechanics / Thermodynamics,Science,
SCI066000,SCIENCE / Time,Science,
SCI067000,SCIENCE / Waves & Wave Mechanics,Science,
SCI068000,SCIENCE / Weights & Measures,Science,
SCI070000,SCIENCE / Life Sciences / Zoology / General,Nature,
SCI070010,SCIENCE / Life Sciences / Zoology / Ichthyology & Herpetology,Nature,
SCI070020,SCIENCE / Life Sciences / Zoology / Invertebrates,Nature,
SCI070030,SCIENCE / Life Sciences / Zoology / Mammals,Nature,
SCI070040,SCIENCE / Life Sciences / Zoology / Ornithology,Nature,
SCI070050,SCIENCE / Life Sciences / Zoology / Primatology,Nature,
SCI070060,SCIENCE / Life Sciences / Zoology / Ethology (Animal Behavior),Nature,
SCI072000,SCIENCE / Life Sciences / Developmental Biology,Nature,
SCI073000,SCIENCE / Life Sciences / Horticulture,Nature,
SCI074000,SCIENCE / Physics / Atomic & Molecular,Science,
SCI075000,SCIENCE / Philosophy & Social Aspects,Science,
SCI076000,SCIENCE / Scientific Instruments,Science,
SCI077000,SCIENCE / Physics / Condensed Matter,Science,
SCI078000,SCIENCE / Spectroscopy & Spectrum Analysis,Science,
SCI079000,SCIENCE / Mechanics / Statics,Science,
SCI080000,SCIENCE / Essays,Science,
SCI081000,SCIENCE / Earth Sciences / Hydrology,Science,
SCI082000,SCIENCE / Earth Sciences / Seismology & Volcanism,Science,
SCI083000,SCIENCE / Earth Sciences / Limnology,Science,
SCI084000,SCIENCE / Mechanics / Aerodynamics,Science,
SCI085000,SCIENCE / Mechanics / Fluids,Science,
SCI086000,SCIENCE / Life Sciences / General,Science,
SCI087000,SCIENCE / Life Sciences / Taxonomy,Science,
SCI088000,SCIENCE / Life Sciences / Biological Diversity,Science,
SCI089000,SCIENCE / Life Sciences / Neuroscience,Science,
SCI090000,SCIENCE / Cognitive Science,Science,
SCI091000,SCIENCE / Earth Sciences / Sedimentology & Stratigraphy,Science,
SCI092000,SCIENCE / Global Warming & Climate Change,Science,
SCI093000,SCIENCE / Laboratory Techniques,Science,
SCI094000,SCIENCE / Life Sciences / Mycology,Science,
SCI095000,SCIENCE / Mechanics / Hydrodynamics,Science,
SCI096000,SCIENCE / Mechanics / Solids,Science,
SCI097000,SCIENCE / Physics / Polymer,Science,
SCI098000,SCIENCE / Space Science / General,Science,
SCI098010,SCIENCE / Space Science / Planetary,Science,
SCI098020,SCIENCE / Space Science / Space Exploration,Science,
SCI098030,SCIENCE / Space Science / Stellar & Solar,Science,
SCI099000,SCIENCE / Life Sciences / Virology,Science,
SCI100000,SCIENCE / Natural History,Science,
SCI101000,SCIENCE / Ethics,Science,
SCI102000,SCIENCE / Bioinformatics,Science,
SCI103000,SCIENCE / Physics / Particle,Science,
SCI104000,SCIENCE / Indigenous Knowledge & Perspectives,Science,
SCI105000,SCIENCE / Physics / Cryogenics,Science,
SEL000000,SELF-HELP / General,Life Management,
SEL001000,SELF-HELP / Abuse,Life Management,
SEL003000,SELF-HELP / Adult Children of Substance Abusers,Life Management,
SEL004000,SELF-HELP / Affirmations,Life Management,
SEL005000,SELF-HELP / Aging,Life Management,
SEL006000,SELF-HELP / Substance Abuse & Addictions / Alcohol,Life Management,
SEL008000,SELF-HELP / Codependency,Life Management,
SEL009000,SELF-HELP / Creativity,Life Management,
SEL010000,"SELF-HELP / Death, Grief, Bereavement",Life Management,
SEL011000,SELF-HELP / Mood Disorders / Depression,Life Management,
SEL012000,SELF-HELP / Dreams,Life Management,
SEL013000,SELF-HELP / Substance Abuse & Addictions / Drugs,Life Management,
SEL014000,SELF-HELP / Eating Disorders & Body Image,Life Management,
SEL015000,SELF-HELP / Handwriting Analysis,Life Management,
SEL016000,SELF-HELP / Personal Growth / Happiness,Life Management,
SEL017000,SELF-HELP / Self-Hypnosis,Life Management,
SEL019000,SELF-HELP / Meditations,Life Management,
SEL020000,SELF-HELP / Mood Disorders / General,Life Management,
SEL020010,SELF-HELP / Mood Disorders / Bipolar Disorder,Life Management,
SEL021000,SELF-HELP / Motivational & Inspirational,Life Management,
SEL023000,SELF-HELP / Personal Growth / Self-Esteem,Life Management,
SEL024000,SELF-HELP / Self-Management / Stress Management,Life Management,
SEL026000,SELF-HELP / Substance Abuse & Addictions / General,Life Management,
SEL026010,SELF-HELP / Substance Abuse & Addictions / Tobacco,Life Management,
SEL027000,SELF-HELP / Personal Growth / Success,Life Management,
SEL029000,SELF-HELP / Twelve-Step Programs,Life Management,
SEL030000,SELF-HELP / Personal Growth / Memory Improvement,Life Management,
SEL031000,SELF-HELP / Personal Growth / General,Life Management,
SEL032000,SELF-HELP / Spiritual,Life Management,
SEL033000,SELF-HELP / Self-Management / Anger Management (see also FAMILY & RELATIONSHIPS / Anger),Life Management,
SEL034000,SELF-HELP / Sexual Instruction,Life Management,
SEL035000,SELF-HELP / Self-Management / Time Management,Life Management,
SEL036000,SELF-HELP / Anxiety & Phobias,Life Management,
SEL037000,SELF-HELP / Neuro-Linguistic Programming (NLP),Life Management,
SEL038000,SELF-HELP / Fashion & Style,Life Management,
SEL039000,SELF-HELP / Green Lifestyle,Life Management,
SEL040000,SELF-HELP / Communication & Social Skills,Life Management,
SEL041000,SELF-HELP / Compulsive Behavior / General,Life Management,
SEL041010,SELF-HELP / Compulsive Behavior / Gambling,Life Management,
SEL041020,SELF-HELP / Compulsive Behavior / Hoarding,Life Management,
SEL041030,SELF-HELP / Compulsive Behavior / Obsessive Compulsive Disorder (OCD),Life Management,
SEL041040,SELF-HELP / Compulsive Behavior / Sex & Pornography Addiction,Life Management,
SEL042000,SELF-HELP / Emotions,Life Management,
SEL043000,SELF-HELP / Post-Traumatic Stress Disorder (PTSD),Life Management,
SEL044000,SELF-HELP / Self-Management / General,Life Management,
SEL045000,SELF-HELP / Journaling,Life Management,
SEL046000,SELF-HELP / Gender & Sexuality,Life Management,
SEL047000,SELF-HELP / Safety & Security / Personal Safety & Self-Defense,Life Management,
SEL048000,SELF-HELP / Cutting & Self-Harm,Life Management,
SEL049000,SELF-HELP / Safety & Security / General (see also HOUSE & HOME / Safety & Security),Life Management,
SEL049010,SELF-HELP / Safety & Security / Survival & Emergency Preparedness,Life Management,
SEL050000,SELF-HELP / Indigenous Mental Health & Healing,Life Management,
SEL051000,SELF-HELP / Neurodiversity,Life Management,
SOC000000,SOCIAL SCIENCE / General,Society,
SOC001000,SOCIAL SCIENCE / Cultural & Ethnic Studies / African American & Black Studies,Society,
SOC002000,SOCIAL SCIENCE / Anthropology / General,Society,
SOC002010,SOCIAL SCIENCE / Anthropology / Cultural & Social,Society,
SOC002020,SOCIAL SCIENCE / Anthropology / Physical,Society,
SOC003000,SOCIAL SCIENCE / Archaeology,Society,
SOC004000,SOCIAL SCIENCE / Criminology,Society,
SOC005000,SOCIAL SCIENCE / Customs & Traditions,Society,
SOC006000,SOCIAL SCIENCE / Demography,Society,
SOC007000,SOCIAL SCIENCE / Immigration & Emigration,Society,
SOC008000,SOCIAL SCIENCE / Cultural & Ethnic Studies / General,Society,
SOC008010,SOCIAL SCIENCE / Cultural & Ethnic Studies / African Studies,Society,
SOC008020,SOCIAL SCIENCE / Cultural & Ethnic Studies / Asian Studies,Society,
SOC008030,SOCIAL SCIENCE / Cultural & Ethnic Studies / Australian & Oceanian Studies,Society,
SOC008040,SOCIAL SCIENCE / Cultural & Ethnic Studies / Canadian Studies,Society,
SOC008050,SOCIAL SCIENCE / Cultural & Ethnic Studies / Caribbean & Latin American Studies,Society,
SOC008060,SOCIAL SCIENCE / Cultural & Ethnic Studies / European Studies,Society,
SOC008070,SOCIAL SCIENCE / Cultural & Ethnic Studies / Middle Eastern Studies,Society,
SOC008080,SOCIAL SCIENCE / Cultural & Ethnic Studies / European American Studies,Society,
SOC010000,SOCIAL SCIENCE / Feminism & Feminist Theory,Society,
SOC011000,SOCIAL SCIENCE / Folklore & Mythology,Society,
SOC012000,SOCIAL SCIENCE / LGBTQ+ Studies / Gay Studies,Society,
SOC013000,SOCIAL SCIENCE / Gerontology,Society,
SOC014000,SOCIAL SCIENCE / Holidays (non-religious),Society,
SOC015000,SOCIAL SCIENCE / Human Geography,Society,
SOC016000,SOCIAL SCIENCE / Human Services,Society,
SOC017000,SOCIAL SCIENCE / LGBTQ+ Studies / Lesbian Studies,Society,
SOC018000,SOCIAL SCIENCE / Men's Studies,Society,
SOC019000,SOCIAL SCIENCE / Methodology,Society,
SOC020000,SOCIAL SCIENCE / Minority Studies,Society,
SOC021000,SOCIAL SCIENCE / Native American Studies,Society,
SOC022000,SOCIAL SCIENCE / Popular Culture,Society,
SOC023000,SOCIAL SCIENCE / Reference,Society,
SOC024000,SOCIAL SCIENCE / Research,Society,
SOC025000,SOCIAL SCIENCE / Social Work,Society,
SOC026000,SOCIAL SCIENCE / Sociology / General,Society,
SOC026010,SOCIAL SCIENCE / Sociology / Marriage & Family,Society,
SOC026020,SOCIAL SCIENCE / Sociology / Rural,Society,
SOC026030,SOCIAL SCIENCE / Sociology / Urban,Society,
SOC026040,SOCIAL SCIENCE / Sociology / Social Theory,Society,
SOC027000,SOCIAL SCIENCE / Statistics,Society,
SOC028000,SOCIAL SCIENCE / Women's Studies,Society,
SOC029000,SOCIAL SCIENCE / Disability,Society,
SOC030000,SOCIAL SCIENCE / Penology,Society,
SOC031000,"SOCIAL SCIENCE / Discrimination (incl. Prejudice, Racism, Colorism, etc.)",Society,
SOC032000,SOCIAL SCIENCE / Gender Studies,Society,
SOC033000,SOCIAL SCIENCE / Philanthropy & Charity,Society,
SOC034000,SOCIAL SCIENCE / Pornography,Society,
SOC035000,SOCIAL SCIENCE / Volunteer Work,Society,
SOC036000,SOCIAL SCIENCE / Death & Dying,Society,
SOC037000,SOCIAL SCIENCE / Future Studies,Society,
SOC038000,SOCIAL SCIENCE / Freemasonry & Secret Societies,Society,
SOC039000,SOCIAL SCIENCE / Sociology of Religion,Society,
SOC040000,SOCIAL SCIENCE / Disasters & Disaster Relief,Society,
SOC041000,SOCIAL SCIENCE / Essays,Society,
SOC042000,SOCIAL SCIENCE / Developing & Emerging Countries,Society,
SOC043000,SOCIAL SCIENCE / Cultural & Ethnic Studies / Asian American & Pacific Islander Studies,Society,
SOC044000,SOCIAL SCIENCE / Cultural & Ethnic Studies / Hispanic & Latino Studies,Society,
SOC045000,SOCIAL SCIENCE / Poverty & Homelessness,Society,
SOC046000,SOCIAL SCIENCE / Abortion & Birth Control,Society,
SOC047000,SOCIAL SCIENCE / Children's Studies,Society,
SOC048000,SOCIAL SCIENCE / Islamic Studies,Society,
SOC049000,SOCIAL SCIENCE / Jewish Studies,Society,
SOC050000,SOCIAL SCIENCE / Social Classes & Economic Disparity,Society,
SOC051000,SOCIAL SCIENCE / Violence in Society,Society,
SOC052000,SOCIAL SCIENCE / Media Studies,Society,
SOC053000,SOCIAL SCIENCE / Regional Studies,Society,
SOC054000,SOCIAL SCIENCE / Enslavement,Society,
SOC055000,SOCIAL SCIENCE / Agriculture & Food (see also POLITICAL SCIENCE / Public Policy / Agriculture & Food Policy),Society,
SOC056000,SOCIAL SCIENCE / Black Studies (Global),Society,
SOC057000,SOCIAL SCIENCE / Disease & Health Issues,Society,
SOC058000,SOCIAL SCIENCE / Conspiracy Theories,Society,
SOC059000,SOCIAL SCIENCE / Prostitution & Sex Trade,Society,
SOC060000,SOCIAL SCIENCE / Sexual Abuse & Harassment,Society,
SOC061000,SOCIAL SCIENCE / Body Language & Nonverbal Communication,Society,
SOC062000,SOCIAL SCIENCE / Indigenous Studies,Society,
SOC063000,SOCIAL SCIENCE / Privacy & Surveillance (see also POLITICAL SCIENCE / Privacy & Surveillance),Society,
SOC064000,SOCIAL SCIENCE / LGBTQ+ Studies / General,Society,
SOC064010,SOCIAL SCIENCE / LGBTQ+ Studies / Bisexual Studies,Society,
SOC064020,SOCIAL SCIENCE / LGBTQ+ Studies / Transgender Studies,Society,
SOC064030,SOCIAL SCIENCE / LGBTQ+ Studies / Nonbinary & Genderqueer Studies,Society,
SOC065000,SOCIAL SCIENCE / Human Sexuality (see also PSYCHOLOGY / Human Sexuality),Society,
SOC066000,SOCIAL SCIENCE / Refugees,Society,
SOC067000,SOCIAL SCIENCE / Capital Punishment,Society,
SOC068000,SOCIAL SCIENCE / Biracial & Multiracial Studies,Society,
SOC069000,SOCIAL SCIENCE / Cultural & Ethnic Studies / American Studies,Society,
SOC070000,SOCIAL SCIENCE / Race & Ethnic Relations,Society,
SOC071000,SOCIAL SCIENCE / Technology Studies,Society,
SOC072000,SOCIAL SCIENCE / Activism & Social Justice,Society,
SOC073000,SOCIAL SCIENCE / Human Trafficking,Society,
SOC074000,SOCIAL SCIENCE / Diversity & Multiculturalism,Society,
SOC075000,SOCIAL SCIENCE / Indigenous Peoples of Turtle Island Studies,Society,
SOC076000,SOCIAL SCIENCE / Communication Theory,Society,
SOC077000,SOCIAL SCIENCE / Intersectionality,Society,
SOC078000,SOCIAL SCIENCE / Body Image & Fat Studies,Society,
SOC079000,SOCIAL SCIENCE / Border Studies,Society,
SOC080000,SOCIAL SCIENCE / Critical Race Theory,Society,
SOC081000,SOCIAL SCIENCE / Decolonization,Society,
SOC082000,SOCIAL SCIENCE / Diaspora Studies,Society,
SOC083000,SOCIAL SCIENCE / Neurodiversity,Society,
SPO000000,SPORTS & RECREATION / General,Sports,
SPO001000,SPORTS & RECREATION / Air Sports,Sports,
SPO002000,SPORTS & RECREATION / Archery,Sports,
SPO003000,SPORTS & RECREATION / Baseball / General,Ball Sports,
SPO003010,SPORTS & RECREATION / Coaching / Baseball,Ball Sports,
SPO003020,SPORTS & RECREATION / Baseball / Essays & Writings,Ball Sports,
SPO003030,SPORTS & RECREATION / Baseball / History,Ball Sports,
SPO003040,SPORTS & RECREATION / Baseball / Statistics,Ball Sports,
SPO004000,SPORTS & RECREATION / Basketball,Ball Sports,
SPO005000,SPORTS & RECREATION / Water Sports / Boating,Sports,
SPO006000,SPORTS & RECREATION / Bodybuilding & Weightlifting,Strength Sports,
SPO007000,SPORTS & RECREATION / Bowling,Ball Sports,
SPO008000,SPORTS & RECREATION / Boxing,Sports,
SPO009000,SPORTS & RECREATION / Camping,Sports,
SPO010000,SPORTS & RECREATION / Water Sports / Canoeing,Sports,
SPO011000,SPORTS & RECREATION / Cycling,Sports,
SPO012000,SPORTS & RECREATION / Essays,Sports,
SPO014000,SPORTS & RECREATION / Fishing,Sports,
SPO015000,SPORTS & RECREATION / Football,Ball Sports,
SPO016000,SPORTS & RECREATION / Golf,Racquet Sports,
SPO017000,SPORTS & RECREATION / Gymnastics,Sports,
SPO018000,SPORTS & RECREATION / Hiking,Sports,
SPO019000,SPORTS & RECREATION / History,Sports,
SPO020000,SPORTS & RECREATION / Winter Sports / Hockey,Winter Sports,
SPO021000,SPORTS & RECREATION / Animal Sports / Horse Racing,Equestrian Sports,
SPO022000,SPORTS & RECREATION / Hunting,Sports,
SPO023000,SPORTS & RECREATION / Winter Sports / Ice & Figure Skating,Winter Sports,
SPO025000,SPORTS & RECREATION / Water Sports / Kayaking,Sports,
SPO026000,SPORTS & RECREATION / Lacrosse,Racquet Sports,
SPO027000,SPORTS & RECREATION / Martial Arts / General,Sports,
SPO027010,SPORTS & RECREATION / Martial Arts / Karate,Sports,
SPO028000,SPORTS & RECREATION / Motor Sports / General,Motor Sports,
SPO028010,SPORTS & RECREATION / Motor Sports / Automobile Racing,Motor Sports,
SPO028020,SPORTS & RECREATION / Motor Sports / Motorcycle Racing,Motor Sports,
SPO029000,SPORTS & RECREATION / Mountaineering,Sports,
SPO030000,SPORTS & RECREATION / Outdoor Skills,Camping,
SPO031000,SPORTS & RECREATION / Racket Sports / General,Racquet Sports,
SPO032000,SPORTS & RECREATION / Racket Sports / Racquetball,Racquet Sports,
SPO033000,SPORTS & RECREATION / Reference,Sports,
SPO034000,SPORTS & RECREATION / Roller & In-Line Skating,Sports,
SPO035000,SPORTS & RECREATION / Running & Jogging,Sports,
SPO036000,SPORTS & RECREATION / Water Sports / Sailing,Sports,
SPO037000,SPORTS & RECREATION / Shooting,Sports,
SPO038000,SPORTS & RECREATION / Skateboarding,Sports,
SPO039000,SPORTS & RECREATION / Winter Sports / Skiing,Winter Sports,
SPO040000,SPORTS & RECREATION / Soccer,Ball Sports,
SPO041000,SPORTS & RECREATION / Sports Psychology,Sports,
SPO042000,SPORTS & RECREATION / Racket Sports / Squash,Racquet Sports,
SPO043000,SPORTS & RECREATION / Water Sports / Swimming & Diving,Sports,
SPO044000,SPORTS & RECREATION / Racket Sports / Table Tennis,Racquet Sports,
SPO045000,SPORTS & RECREATION / Racket Sports / Tennis,Racquet Sports,
SPO046000,SPORTS & RECREATION / Track & Field,Sports,
SPO047000,SPORTS & RECREATION / Training,Sports,
SPO048000,SPORTS & RECREATION / Triathlon,Sports,
SPO049000,SPORTS & RECREATION / Volleyball,Ball Sports,
SPO050000,SPORTS & RECREATION / Walking,Sports,
SPO051000,SPORTS & RECREATION / Water Sports / General,Sports,
SPO052000,SPORTS & RECREATION / Winter Sports / General,Winter Sports,
SPO053000,SPORTS & RECREATION / Wrestling,Sports,
SPO054000,SPORTS & RECREATION / Cricket,Racquet Sports,
SPO055000,SPORTS & RECREATION / Animal Sports / Polo,Racquet Sports,
SPO056000,SPORTS & RECREATION / Rugby,Ball Sports,
SPO057000,SPORTS & RECREATION / Animal Sports / Equestrian,Equestrian Sports,
SPO058000,SPORTS & RECREATION / Olympics & Paralympics,Sports,
SPO059000,SPORTS & RECREATION / Water Sports / Scuba & Snorkeling,Sports,
SPO060000,"SPORTS & RECREATION / Pool, Billiards, Snooker",Racquet Sports,
SPO061000,SPORTS & RECREATION / Coaching / General,Sports,
SPO061010,SPORTS & RECREATION / Coaching / Basketball,Ball Sports,
SPO061020,SPORTS & RECREATION / Coaching / Football,Ball Sports,
SPO061030,SPORTS & RECREATION / Coaching / Soccer,Ball Sports,
SPO062000,SPORTS & RECREATION / Animal Sports / Dog Racing,Sports,
SPO063000,SPORTS & RECREATION / Equipment & Supplies,Sports,
SPO064000,SPORTS & RECREATION / Extreme Sports,Sports,
SPO065000,SPORTS & RECREATION / Animal Sports / Rodeos,Equestrian Sports,
SPO066000,SPORTS & RECREATION / Cultural & Social Aspects,Sports,
SPO067000,SPORTS & RECREATION / Softball,Racquet Sports,
SPO068000,SPORTS & RECREATION / Business Aspects,Sports,
SPO069000,SPORTS & RECREATION / Water Sports / Surfing,Sports,
SPO070000,SPORTS & RECREATION / Cheerleading,Sports,
SPO071000,SPORTS & RECREATION / Fencing,Sports,
SPO072000,SPORTS & RECREATION / Winter Sports / Snowboarding,Winter Sports,
SPO073000,SPORTS & RECREATION / Field Hockey,Racquet Sports,
SPO074000,SPORTS & RECREATION / Caving,Sports,
SPO075000,SPORTS & RECREATION / Health & Safety,Sports,
SPO076000,SPORTS & RECREATION / Disability Sports,Sports,
SPO077000,SPORTS & RECREATION / Children's & Youth Sports,Sports,
SPO078000,SPORTS & RECREATION / Animal Sports / General,Sports,
SPO079000,SPORTS & RECREATION / Rock Climbing,Sports,
SPO080000,SPORTS & RECREATION / Water Sports / Rowing,Sports,
SPO081000,SPORTS & RECREATION / Winter Sports / Curling,Winter Sports,
SPO082000,SPORTS & RECREATION / College Recruiting,Sports,
SPO083000,SPORTS & RECREATION / College Sports,Sports,
SPO084000,SPORTS & RECREATION / Racket Sports / Pickleball,Racquet Sports,
SPO085000,SPORTS & RECREATION / Women in Sports,Sports,
SPO086000,SPORTS & RECREATION / Flying Discs,Sports,
STU000000,STUDY AIDS / General,Education,
STU001000,STUDY AIDS / ACT,Education,
STU002000,STUDY AIDS / Advanced Placement,Education,
STU003000,STUDY AIDS / Armed Forces (incl. ASVAB),Education,
STU004000,STUDY AIDS / Book Notes (see also JUVENILE NONFICTION / Study Aids / Book Notes or YOUNG ADULT NONFICTION / Study Aids / Book Notes),Education,
STU006000,STUDY AIDS / Citizenship,Education,
STU007000,STUDY AIDS / Civil Service,Education,
STU008000,STUDY AIDS / CLEP (College-Level Examination Program),Education,
STU009000,STUDY AIDS / College Entrance,Education,
STU010000,STUDY AIDS / College Guides,Education,
STU011000,STUDY AIDS / CPA (Certified Public Accountant),Education,
STU012000,STUDY AIDS / High School Equivalency (incl. GED & TASC),Education,
STU013000,STUDY AIDS / GMAT (Graduate Management Admission Test),Education,
STU015000,STUDY AIDS / Graduate School Guides,Education,
STU016000,STUDY AIDS / GRE (Graduate Record Examination),Education,
STU017000,STUDY AIDS / LSAT (Law School Admission Test),Education,
STU019000,STUDY AIDS / Teacher Certification (incl. Praxis),Education,
STU021000,STUDY AIDS / Professional,Education,
STU022000,STUDY AIDS / Regents,Education,
STU024000,STUDY AIDS / SAT,Education,
STU025000,STUDY AIDS / High School Entrance,Education,
STU026000,STUDY AIDS / Study Guides,Education,
STU027000,STUDY AIDS / Tests (Other),Education,
STU028000,STUDY AIDS / English Proficiency (incl. TOEFL & IELTS),Education,
STU029000,STUDY AIDS / Vocational,Education,
STU031000,STUDY AIDS / Financial Aid,Education,
STU032000,STUDY AIDS / MCAT (Medical College Admission Test),Education,
STU033000,STUDY AIDS / PSAT & NMSQT (National Merit Scholarship Qualifying Test),Education,
STU034000,STUDY AIDS / Bar Exam,Education,
STU035000,STUDY AIDS / NCLEX,Education,
STU036000,STUDY AIDS / Study & Test-Taking Skills,Education,
STU037000,STUDY AIDS / USMLE (United States Medical Licensure Examination),Education,
TEC000000,TECHNOLOGY & ENGINEERING / General,Technology,
TEC001000,TECHNOLOGY & ENGINEERING / Acoustics & Sound,Technology,
TEC002000,TECHNOLOGY & ENGINEERING / Aeronautics & Astronautics,Technology,
TEC003000,TECHNOLOGY & ENGINEERING / Agriculture / General,Technology,
TEC003010,TECHNOLOGY & ENGINEERING / Agriculture / Tropical Agriculture,Technology,
TEC003020,TECHNOLOGY & ENGINEERING / Agriculture / Animal Husbandry,Technology,
TEC003030,TECHNOLOGY & ENGINEERING / Agriculture / Agronomy / Crop Science,Technology,
TEC003040,TECHNOLOGY & ENGINEERING / Agriculture / Forestry,Technology,
TEC003050,TECHNOLOGY & ENGINEERING / Agriculture / Irrigation,Technology,
TEC003060,TECHNOLOGY & ENGINEERING / Agriculture / Agronomy / Soil Science,Technology,
TEC003070,TECHNOLOGY & ENGINEERING / Agriculture / Sustainable Agriculture,Technology,
TEC003080,TECHNOLOGY & ENGINEERING / Agriculture / Agronomy / General,Technology,
TEC003090,TECHNOLOGY & ENGINEERING / Agriculture / Organic,Technology,
TEC003100,TECHNOLOGY & ENGINEERING / Agriculture / Beekeeping,Technology,
TEC003110,TECHNOLOGY & ENGINEERING / Agriculture / Enology & Viticulture,Technology,
TEC003120,TECHNOLOGY & ENGINEERING / Agriculture / Urban Farming,Technology,
TEC004000,TECHNOLOGY & ENGINEERING / Automation,Technology,
TEC005000,TECHNOLOGY & ENGINEERING / Construction / General,Technology,
TEC005010,TECHNOLOGY & ENGINEERING / Construction / Carpentry,Technology,
TEC005020,TECHNOLOGY & ENGINEERING / Construction / Contracting,Technology,
TEC005030,TECHNOLOGY & ENGINEERING / Construction / Electrical,Technology,
TEC005040,TECHNOLOGY & ENGINEERING / Construction / Estimating,Technology,
TEC005050,"TECHNOLOGY & ENGINEERING / Construction / Heating, Ventilation & Air Conditioning",Technology,
TEC005060,TECHNOLOGY & ENGINEERING / Construction / Masonry,Technology,
TEC005070,TECHNOLOGY & ENGINEERING / Construction / Plumbing,Technology,
TEC005080,TECHNOLOGY & ENGINEERING / Construction / Roofing,Technology,
TEC006000,TECHNOLOGY & ENGINEERING / Drafting & Mechanical Drawing,Technology,
TEC007000,TECHNOLOGY & ENGINEERING / Electrical,Technology,
TEC008000,TECHNOLOGY & ENGINEERING / Electronics / General,Technology,
TEC008010,TECHNOLOGY & ENGINEERING / Electronics / Circuits / General,Technology,
TEC008020,TECHNOLOGY & ENGINEERING / Electronics / Circuits / Integrated,Technology,
TEC008030,TECHNOLOGY & ENGINEERING / Electronics / Circuits / Logic,Technology,
TEC008050,TECHNOLOGY & ENGINEERING / Electronics / Circuits / VLSI & ULSI,Technology,
TEC008060,TECHNOLOGY & ENGINEERING / Electronics / Digital,Technology,
TEC008070,TECHNOLOGY & ENGINEERING / Electronics / Microelectronics,Technology,
TEC008080,TECHNOLOGY & ENGINEERING / Electronics / Optoelectronics,Technology,
TEC008090,TECHNOLOGY & ENGINEERING / Electronics / Semiconductors,Technology,
TEC008100,TECHNOLOGY & ENGINEERING / Electronics / Solid State,Technology,
TEC008110,TECHNOLOGY & ENGINEERING / Electronics / Transistors,Technology,
TEC009000,TECHNOLOGY & ENGINEERING / Engineering (General),Technology,
TEC009010,TECHNOLOGY & ENGINEERING / Chemical & Biochemical,Technology,
TEC009020,TECHNOLOGY & ENGINEERING / Civil / General,Technology,
TEC009060,TECHNOLOGY & ENGINEERING / Industrial Engineering,Technology,
TEC009070,TECHNOLOGY & ENGINEERING / Mechanical,Technology,
TEC009090,TECHNOLOGY & ENGINEERING / Automotive,Technology,
TEC009100,TECHNOLOGY & ENGINEERING / Civil / Bridges,Technology,
TEC009110,TECHNOLOGY & ENGINEERING / Civil / Dams & Reservoirs,Technology,
TEC009120,TECHNOLOGY & ENGINEERING / Civil / Earthquake,Technology,
TEC009130,TECHNOLOGY & ENGINEERING / Civil / Flood Control,Technology,
TEC009140,TECHNOLOGY & ENGINEERING / Civil / Highway & Traffic,Technology,
TEC009150,TECHNOLOGY & ENGINEERING / Civil / Soil & Rock,Technology,
TEC009160,TECHNOLOGY & ENGINEERING / Civil / Transportation,Technology,
TEC010000,TECHNOLOGY & ENGINEERING / Environmental / General,Technology,
TEC010010,TECHNOLOGY & ENGINEERING / Environmental / Pollution Control,Technology,
TEC010020,TECHNOLOGY & ENGINEERING / Environmental / Waste Management,Technology,
TEC010030,TECHNOLOGY & ENGINEERING / Environmental / Water Supply,Technology,
TEC011000,TECHNOLOGY & ENGINEERING / Fiber Optics,Technology,
TEC012000,TECHNOLOGY & ENGINEERING / Food Science / General,Technology,
TEC012010,TECHNOLOGY & ENGINEERING / Food Science / Chemistry & Biotechnology,Technology,
TEC012020,TECHNOLOGY & ENGINEERING / Food Science / Food Packaging & Processing,Technology,
TEC012030,TECHNOLOGY & ENGINEERING / Food Science / Food Safety & Security,Technology,
TEC012040,TECHNOLOGY & ENGINEERING / Food Science / Food Types,Technology,
TEC013000,TECHNOLOGY & ENGINEERING / Fracture Mechanics,Technology,
TEC014000,TECHNOLOGY & ENGINEERING / Hydraulics,Technology,
TEC015000,TECHNOLOGY & ENGINEERING / Imaging Systems,Technology,
TEC016000,TECHNOLOGY & ENGINEERING / Industrial Design / General,Technology,
TEC016010,TECHNOLOGY & ENGINEERING / Industrial Design / Packaging,Technology,
TEC016020,TECHNOLOGY & ENGINEERING / Industrial Design / Product,Technology,
TEC017000,TECHNOLOGY & ENGINEERING / Industrial Health & Safety,Technology,
TEC018000,TECHNOLOGY & ENGINEERING / Industrial Technology,Technology,
TEC019000,TECHNOLOGY & ENGINEERING / Lasers & Photonics,Technology,
TEC020000,TECHNOLOGY & ENGINEERING / Manufacturing,Technology,
TEC021000,TECHNOLOGY & ENGINEERING / Materials Science / General,Technology,
TEC021010,TECHNOLOGY & ENGINEERING / Materials Science / Ceramics,Technology,
TEC021020,TECHNOLOGY & ENGINEERING / Materials Science / Electronic Materials,Technology,
TEC021030,TECHNOLOGY & ENGINEERING / Materials Science / Metals & Alloys,Technology,
TEC021040,"TECHNOLOGY & ENGINEERING / Materials Science / Thin Films, Surfaces & Interfaces",Technology,
TEC022000,TECHNOLOGY & ENGINEERING / Measurement,Technology,
TEC023000,TECHNOLOGY & ENGINEERING / Metallurgy,Technology,
TEC024000,TECHNOLOGY & ENGINEERING / Microwaves,Technology,
TEC025000,TECHNOLOGY & ENGINEERING / Military Science,Technology,
TEC026000,TECHNOLOGY & ENGINEERING / Mining,Technology,
TEC027000,TECHNOLOGY & ENGINEERING / Nanotechnology & MEMS,Technology,
TEC028000,TECHNOLOGY & ENGINEERING / Power Resources / Nuclear,Technology,
TEC029000,TECHNOLOGY & ENGINEERING / Operations Research,Technology,
TEC030000,TECHNOLOGY & ENGINEERING / Optics,Technology,
TEC031000,TECHNOLOGY & ENGINEERING / Power Resources / General,Technology,
TEC031010,TECHNOLOGY & ENGINEERING / Power Resources / Alternative & Renewable,Technology,
TEC031020,TECHNOLOGY & ENGINEERING / Power Resources / Electrical,Technology,
TEC031030,TECHNOLOGY & ENGINEERING / Power Resources / Fossil Fuels,Technology,
TEC032000,TECHNOLOGY & ENGINEERING / Quality Control,Technology,
TEC033000,TECHNOLOGY & ENGINEERING / Radar,Technology,
TEC034000,TECHNOLOGY & ENGINEERING / Radio,Technology,
TEC035000,TECHNOLOGY & ENGINEERING / Reference,Technology,
TEC036000,TECHNOLOGY & ENGINEERING / Remote Sensing & Geographic Information Systems,Technology,
TEC037000,TECHNOLOGY & ENGINEERING / Robotics,Technology,
TEC039000,TECHNOLOGY & ENGINEERING / Superconductors & Superconductivity,Technology,
TEC040000,TECHNOLOGY & ENGINEERING / Technical & Manufacturing Industries & Trades,Technology,
TEC041000,TECHNOLOGY & ENGINEERING / Telecommunications,Technology,
TEC043000,TECHNOLOGY & ENGINEERING / Television & Video,Technology,
TEC044000,TECHNOLOGY & ENGINEERING / Technical Writing,Technology,
TEC045000,TECHNOLOGY & ENGINEERING / Fire Science,Technology,
TEC046000,TECHNOLOGY & ENGINEERING / Machinery,Technology,
TEC047000,TECHNOLOGY & ENGINEERING / Petroleum,Technology,
TEC048000,TECHNOLOGY & ENGINEERING / Cartography,Technology,
TEC049000,TECHNOLOGY & ENGINEERING / Fisheries & Aquaculture,Technology,
TEC050000,TECHNOLOGY & ENGINEERING / Holography,Technology,
TEC052000,TECHNOLOGY & ENGINEERING / Social Aspects,Technology,
TEC054000,TECHNOLOGY & ENGINEERING / Surveying,Technology,
TEC055000,TECHNOLOGY & ENGINEERING / Textiles & Polymers,Technology,
TEC056000,TECHNOLOGY & ENGINEERING / History,Technology,
TEC057000,TECHNOLOGY & ENGINEERING / Inventions,Technology,
TEC058000,TECHNOLOGY & ENGINEERING / Pest Control,Technology,
TEC059000,TECHNOLOGY & ENGINEERING / Biomedical,Technology,
TEC060000,TECHNOLOGY & ENGINEERING / Marine & Naval,Technology,
TEC061000,TECHNOLOGY & ENGINEERING / Mobile & Wireless Communications,Technology,
TEC062000,TECHNOLOGY & ENGINEERING / Project Management,Technology,
TEC063000,TECHNOLOGY & ENGINEERING / Structural,Technology,
TEC064000,TECHNOLOGY & ENGINEERING / Sensors,Technology,
TEC065000,TECHNOLOGY & ENGINEERING / Emergency Management,Technology,
TEC066000,TECHNOLOGY & ENGINEERING / Research,Technology,
TEC067000,TECHNOLOGY & ENGINEERING / Signals & Signal Processing,Technology,
TEC068000,TECHNOLOGY & ENGINEERING / Tribology,Technology,
TEC069000,TECHNOLOGY & ENGINEERING / Welding,Technology,
TEC070000,TECHNOLOGY & ENGINEERING / 3D Printing,Technology,
TEC071000,TECHNOLOGY & ENGINEERING / Data Transmission Systems / General,Technology,
TEC071010,TECHNOLOGY & ENGINEERING / Data Transmission Systems / Broadband,Technology,
TEC072000,TECHNOLOGY & ENGINEERING / Pharmaceutical,Technology,
TEC073000,TECHNOLOGY & ENGINEERING / Systems Engineering,Technology,
TEC074000,TECHNOLOGY & ENGINEERING / Explosives & Pyrotechnics,Technology,
TEC075000,TECHNOLOGY & ENGINEERING / Indigenous Knowledge & Perspectives,Technology,
TEC076000,TECHNOLOGY & ENGINEERING / Control Theory,Technology,
TRA000000,TRANSPORTATION / General,Technology,
TRA001000,TRANSPORTATION / Automotive / General,Technology,
TRA001010,TRANSPORTATION / Automotive / Antique & Classic,Technology,
TRA001020,TRANSPORTATION / Automotive / Buyer's Guides,Technology,
TRA001030,TRANSPORTATION / Automotive / Customizing,Technology,
TRA001050,TRANSPORTATION / Automotive / History,Technology,
TRA001060,TRANSPORTATION / Automotive / Pictorial,Technology,
TRA001080,TRANSPORTATION / Automotive / Driver Education,Technology,
TRA001140,TRANSPORTATION / Automotive / Repair & Maintenance,Technology,
TRA001150,TRANSPORTATION / Automotive / Trucks,Technology,
TRA002000,TRANSPORTATION / Aviation / General,Technology,
TRA002010,TRANSPORTATION / Aviation / History,Technology,
TRA002030,TRANSPORTATION / Aviation / Repair & Maintenance,Technology,
TRA002040,TRANSPORTATION / Aviation / Commercial,Technology,
TRA002050,TRANSPORTATION / Aviation / Piloting & Flight Instruction,Technology,
TRA003000,TRANSPORTATION / Motorcycles / General,Technology,
TRA003010,TRANSPORTATION / Motorcycles / History,Technology,
TRA003020,TRANSPORTATION / Motorcycles / Pictorial,Technology,
TRA003030,TRANSPORTATION / Motorcycles / Repair & Maintenance,Technology,
TRA004000,TRANSPORTATION / Railroads / General,Technology,
TRA004010,TRANSPORTATION / Railroads / History,Technology,
TRA004020,TRANSPORTATION / Railroads / Pictorial,Technology,
TRA006000,TRANSPORTATION / Ships & Boats / General,Technology,
TRA006010,TRANSPORTATION / Ships & Boats / History,Technology,
TRA006020,TRANSPORTATION / Ships & Boats / Pictorial,Technology,
TRA006030,TRANSPORTATION / Ships & Boats / Repair & Maintenance,Technology,
TRA006040,TRANSPORTATION / Ships & Boats / Submarines,Technology,
TRA008000,TRANSPORTATION / Navigation,Technology,
TRA009000,TRANSPORTATION / Public Transportation,Technology,
TRA010000,TRANSPORTATION / Bicycles,Technology,
TRU000000,TRUE CRIME / General,True Crime,
TRU001000,TRUE CRIME / Espionage,True Crime,
TRU002000,TRUE CRIME / Murder / General,True Crime,
TRU002010,TRUE CRIME / Murder / Serial Killers,True Crime,
TRU002020,TRUE CRIME / Murder / Mass Murder,True Crime,
TRU003000,TRUE CRIME / Organized Crime,True Crime,
TRU004000,"TRUE CRIME / Con Artists, Hoaxes & Deceptions",True Crime,
TRU005000,TRUE CRIME / White Collar Crime,True Crime,
TRU006000,"TRUE CRIME / Abductions, Kidnappings & Missing Persons",True Crime,
TRU007000,TRUE CRIME / Forensics,True Crime,
TRU008000,TRUE CRIME / Heists & Robberies,True Crime,
TRU009000,TRUE CRIME / Sexual Assault,True Crime,
TRU010000,TRUE CRIME / Historical,True Crime,
TRU011000,TRUE CRIME / Cybercrime,True Crime,
TRU012000,TRUE CRIME / Domestic Violence & Abuse,True Crime,
TRU013000,TRUE CRIME / Drug Trafficking,True Crime,
TRU014000,TRUE CRIME / Human Trafficking & Enslavement,True Crime,
TRU015000,TRUE CRIME / Wrongful Conviction & Miscarriage of Justice,True Crime,
TRU016000,TRUE CRIME / Cold Cases,True Crime,
TRV000000,TRAVEL / General,Travel,
TRV001000,TRAVEL / Special Interest / Adventure,Travel,
TRV002000,TRAVEL / Africa / General,Travel,
TRV002010,TRAVEL / Africa / Central,Travel,
TRV002020,TRAVEL / Africa / East / General,Travel,
TRV002030,TRAVEL / Africa / East / Kenya,Travel,
TRV002040,TRAVEL / Africa / North / Morocco,Travel,
TRV002050,TRAVEL / Africa / North / General,Travel,
TRV002060,TRAVEL / Africa / South / Republic of South Africa,Travel,
TRV002070,TRAVEL / Africa / South / General,Travel,
TRV002080,TRAVEL / Africa / West,Travel,
TRV003000,TRAVEL / Asia / General,Travel,
TRV003010,TRAVEL / Asia / Central,Travel,
TRV003020,TRAVEL / Asia / East / China,Travel,
TRV003030,TRAVEL / Asia / East / General,Travel,
TRV003040,TRAVEL / Asia / India & South Asia,Travel,
TRV003050,TRAVEL / Asia / East / Japan,Travel,
TRV003060,TRAVEL / Asia / Southeast,Travel,
TRV003070,TRAVEL / Asia / Southwest,Travel,
TRV003080,TRAVEL / Asia / East / Korea,Travel,
TRV003090,TRAVEL / Asia / East / Mongolia,Travel,
TRV003100,TRAVEL / Asia / East / Taiwan,Travel,
TRV004000,TRAVEL / Australia & Oceania,Travel,
TRV005000,"TRAVEL / Food, Lodging & Transportation / Bed & Breakfast",Travel,
TRV006000,TRAVEL / Canada / General,Travel,
TRV006010,"TRAVEL / Canada / Atlantic Provinces (NB, NL, NS, PE)",Travel,
TRV006020,TRAVEL / Canada / Ontario (ON),Travel,
TRV006030,"TRAVEL / Canada / Prairie Provinces (MB, SK)",Travel,
TRV006040,"TRAVEL / Canada / Northern Territories (NT, NU, YT)",Travel,
TRV006050,"TRAVEL / Canada / Western Provinces (AB, BC)",Travel,
TRV006060,TRAVEL / Canada / Quebec (QC),Travel,
TRV007000,TRAVEL / Caribbean & West Indies,Travel,
TRV008000,TRAVEL / Central America,Travel,
TRV009000,TRAVEL / Europe / General,Travel,
TRV009010,TRAVEL / Europe / Austria,Travel,
TRV009020,"TRAVEL / Europe / Benelux Countries (Belgium, Netherlands, Luxembourg)",Travel,
TRV009030,TRAVEL / Europe / Nordic & Scandinavian Countries / Denmark,Travel,
TRV009040,TRAVEL / Europe / Eastern,Travel,
TRV009050,TRAVEL / Europe / France,Travel,
TRV009060,TRAVEL / Europe / Germany,Travel,
TRV009070,TRAVEL / Europe / Great Britain,Travel,
TRV009080,TRAVEL / Europe / Greece,Travel,
TRV009090,TRAVEL / Europe / Nordic & Scandinavian Countries / Iceland & Greenland,Travel,
TRV009100,TRAVEL / Europe / Ireland,Travel,
TRV009110,TRAVEL / Europe / Italy,Travel,
TRV009120,TRAVEL / Europe / Nordic & Scandinavian Countries / General,Travel,
TRV009130,TRAVEL / Europe / Spain & Portugal,Travel,
TRV009140,TRAVEL / Europe / Switzerland,Travel,
TRV009150,TRAVEL / Europe / Western,Travel,
TRV009160,TRAVEL / Europe / Cyprus,Travel,
TRV009170,TRAVEL / Europe / Nordic & Scandinavian Countries / Finland,Travel,
TRV009180,TRAVEL / Europe / Nordic & Scandinavian Countries / Norway,Travel,
TRV009190,TRAVEL / Europe / Nordic & Scandinavian Countries / Sweden,Travel,
TRV010000,TRAVEL / Essays & Travelogues,Travel,
TRV011000,TRAVEL / Special Interest / Family,Travel,
TRV013000,"TRAVEL / Food, Lodging & Transportation / Hotels, Inns & Hostels",Travel,
TRV014000,TRAVEL / Mexico,Travel,
TRV015000,TRAVEL / Middle East / General,Travel,
TRV015010,TRAVEL / Middle East / Egypt,Travel,
TRV015020,TRAVEL / Middle East / Israel,Travel,
TRV015030,TRAVEL / Middle East / Turkey,Travel,
TRV016000,"TRAVEL / Museums, Tours, Points of Interest",Travel,
TRV018000,TRAVEL / Parks & Campgrounds,Travel,
TRV019000,TRAVEL / Pictorials (see also PHOTOGRAPHY / Subjects & Themes / Regional),Travel,
TRV020000,TRAVEL / Polar Regions,Travel,
TRV021000,TRAVEL / Reference,Travel,
TRV022000,"TRAVEL / Food, Lodging & Transportation / Restaurants",Travel,
TRV023000,TRAVEL / Russia,Travel,
TRV024000,TRAVEL / South America / General,Travel,
TRV024010,TRAVEL / South America / Argentina,Travel,
TRV024020,TRAVEL / South America / Brazil,Travel,
TRV024030,TRAVEL / South America / Chile & Easter Island,Travel,
TRV024040,TRAVEL / South America / Ecuador & Galapagos Islands,Travel,
TRV024050,TRAVEL / South America / Peru,Travel,
TRV025000,TRAVEL / United States / General,Travel,
TRV025010,TRAVEL / United States / Midwest / General,Travel,
TRV025020,"TRAVEL / United States / Midwest / East North Central (IL, IN, MI, OH, WI)",Travel,
TRV025030,"TRAVEL / United States / Midwest / West North Central (IA, KS, MN, MO, ND, NE, SD)",Travel,
TRV025040,TRAVEL / United States / Northeast / General,Travel,
TRV025050,"TRAVEL / United States / Northeast / Middle Atlantic (NJ, NY, PA)",Travel,
TRV025060,"TRAVEL / United States / Northeast / New England (CT, MA, ME, NH, RI, VT)",Travel,
TRV025070,TRAVEL / United States / South / General,Travel,
TRV025080,"TRAVEL / United States / South / East South Central (AL, KY, MS, TN)",Travel,
TRV025090,"TRAVEL / United States / South / South Atlantic (DC, DE, FL, GA, MD, NC, SC, VA, WV)",Travel,
TRV025100,"TRAVEL / United States / South / West South Central (AR, LA, OK, TX)",Travel,
TRV025110,TRAVEL / United States / West / General,Travel,
TRV025120,"TRAVEL / United States / West / Mountain (AZ, CO, ID, MT, NM, NV, UT, WY)",Travel,
TRV025130,"TRAVEL / United States / West / Pacific (AK, CA, HI, OR, WA)",Travel,
TRV026000,TRAVEL / Special Interest / General,Travel,
TRV026010,TRAVEL / Special Interest / Business,Travel,
TRV026020,TRAVEL / Special Interest / Ecotourism,Travel,
TRV026030,TRAVEL / Special Interest / Disability,Travel,
TRV026040,TRAVEL / Special Interest / Pets,Travel,
TRV026050,TRAVEL / Special Interest / Senior,Travel,
TRV026060,TRAVEL / Special Interest / Religious,Travel,
TRV026070,TRAVEL / Special Interest / LGBTQ+,Travel,
TRV026080,TRAVEL / Special Interest / Sports,Travel,
TRV026090,TRAVEL / Special Interest / Literary,Travel,
TRV026100,TRAVEL / Special Interest / Bicycling,Travel,
TRV026110,TRAVEL / Special Interest / Military,Travel,
TRV026120,TRAVEL / Special Interest / Culinary,Travel,
TRV026130,TRAVEL / Special Interest / Haunted & Unexplained,Travel,
TRV026140,TRAVEL / Special Interest / Roadside Attractions,Travel,
TRV026150,TRAVEL / Special Interest / Romantic,Travel,
TRV026160,TRAVEL / Special Interest / Solo,Travel,
TRV026170,TRAVEL / Special Interest / Day Trips,Travel,
TRV027000,"TRAVEL / Maps & Road Atlases (see also REFERENCE / Atlases, Gazetteers & Maps)",Travel,
TRV028000,"TRAVEL / Food, Lodging & Transportation / Cruises",Travel,
TRV029000,TRAVEL / Special Interest / Amusement & Theme Parks,Travel,
TRV030000,"TRAVEL / Food, Lodging & Transportation / Resorts & Spas",Travel,
TRV031000,"TRAVEL / Food, Lodging & Transportation / Road Travel",Travel,
TRV032000,TRAVEL / Special Interest / Shopping,Travel,
TRV033000,TRAVEL / Special Interest / Budget,Travel,
TRV034000,TRAVEL / Special Interest / Hikes & Walks,Travel,
TRV035000,"TRAVEL / Food, Lodging & Transportation / Rail Travel",Travel,
TRV036000,"TRAVEL / Food, Lodging & Transportation / General",Travel,